70010611,1,12580.7898,-9178.56729,2427.35579,-268.795631,10.6217736
70010611,2,16465.7206,-12314.3592,3330.53879,-378.19134,15.3008905
70010611,3,2366.00719,-1642.10263,400.299246,-34.2258244,0.86436003
70010611,4,138.940958,-134.473068,30.4762579,4.14387715,-0.531914196
70010611,5,3451.72224,-2535.34937,645.558992,-60.3720425,1.85606661
70010611,6,2478.36913,-1626.90208,336.465212,-17.3787761,-0.04972148
70010611,7,1059.40774,-843.201625,206.218561,-12.1344939,0.151671855
70010611,8,920.871865,-729.60804,183.153444,-12.4851287,0.297859393
70010611,9,481.331972,-435.736614,129.630597,-10.8819302,0.288702886
70010611,10,952.803539,-816.43573,233.012375,-21.8263547,0.702101703
70010611,11,114.636824,-63.2111152,0.376884975,6.19639279,-0.274025642
70010611,12,-656.075793,530.84699,-158.138672,24.1303059,-1.03764301
70020511,1,-1771181.75,2061812.78,-898571.672,173784.61,-12585.865
70020511,2,323871.567,-353031.746,144172.438,-26139.2992,1775.05323
70020511,3,638989.755,-711566.133,296866.699,-54990.6157,3815.80904
70020511,4,390908.079,-425893.208,173781.788,-31473.944,2134.71561
70020511,5,15996.8482,-13773.207,4355.83038,-597.890187,30.0650557
70020511,6,4503.76781,-3558.52311,1026.58909,-125.733948,5.56123399
70020511,7,-3431.87043,3171.92227,-1035.05369,144.568705,-7.23936814
70020511,8,-1107.75933,992.442225,-300.528886,40.1586864,-1.99923843
70020511,9,-4385.99719,3725.10315,-1114.22276,141.562256,-6.3583142
70020511,10,-2674.80034,3175.89623,-1219.52754,187.745969,-9.68526412
70020511,11,-2881.50317,2528.9312,-775.308663,101.695719,-4.78203743
70020511,12,-34633.7934,38224.1348,-15623.3904,2812.76761,-188.599287
70030511,1,-2927323.62,5964778.86,-4555099.39,1545164.37,-196446.812
70030511,2,-232053.072,443052.576,-316757.953,100519.855,-11947.9083
70030511,3,-2022406.18,3769358.89,-2633909.72,817836.836,-95211.0822
70030511,4,-1593369.21,3021840.04,-2146149.98,676571.157,-79888.7007
70030511,5,726.808275,0,-475.517263,0,77.714778
70030511,6,-1016394.45,2218028.49,-1814285.67,659288.97,-89805.0656
70030511,7,414339.743,-935686.465,791862.359,-297632.836,41920.1036
70030511,8,-2052152.91,4709941.9,-4051954.84,1548633.24,-221863.736
70030511,9,2548544.15,-5755374.57,4868063.32,-1827629.86,256945.78
70030511,10,-15376206.4,35663176.2,-31014916.3,11986408,-1736964.44
70030511,11,-236008661,550501931,-481510869,187178564,-27284932.7
70040611,1,640.489543,-784.5896,337.822317,-56.6635804,3.26103661
70040611,2,2534.61284,-2974.63816,1250.17357,-217.913605,13.441751
70040611,3,-3210.85379,4512.58447,-2350.97827,540.262222,-45.6612381
70040611,4,-2472.19183,3506.12044,-1845.51009,429.208383,-36.5741463
70040611,5,1612.67497,-1986.0041,868.533509,-155.409495,9.73747777
70040611,6,1531.82413,-1862.06784,797.402886,-137.687333,8.2764575
70040611,7,5236.04769,-5346.31862,1954.40654,-296.579552,15.9331517
70040611,8,4008.19785,-4047.46497,1452.94706,-212.992462,10.9308023
70040611,9,14301.8821,-12667.4467,4057.98302,-547.641433,26.3149831
70040611,10,-235.676038,435.817323,-282.168545,76.998229,-6.65866749
70040611,11,-247.68174,417.107541,-253.791529,66.9087202,-5.67414562
70040611,12,893.60853,-1061.94524,437.255463,-69.6578099,3.79460634
70050212,1,601.887431,111.715561,-209.873875,50.1812707,-2.64897135
70050212,2,7572.35509,-4367.18896,840.088592,-56.0443876,1.13388902
70050212,3,-994.551935,591.915606,-121.36159,14.791402,-0.449923901
70050212,4,3610.78212,-2266.05907,470.348729,-31.6574907,0.722995856
70050212,5,6350.88948,-3607.0159,673.821662,-40.6479019,0.783290914
70050212,6,7335.6088,-7791.60593,1837.34021,-143.749542,3.64268637
70050212,7,146.566677,-27.4911608,-39.8638318,16.2923803,-0.76675366
70050212,8,-787.143251,828.662443,-317.991739,53.2360157,-2.40386227
70050212,9,-667.643096,648.592354,-225.091976,34.6505186,-1.35851619
70050212,10,-90.3399435,372.461518,-191.172215,34.2941063,-1.33431221
70050212,11,158.506058,237.754835,-158.718803,29.7045063,-1.0310597
70050212,12,7005.65447,-4057.06642,771.550773,-49.7214522,1.06377647
70090711,1,17909.9263,-15224.4836,4676.94184,-604.323535,27.6596723
70090711,2,-684.252959,-671.961529,537.409683,-100.174663,5.57833787
70090711,3,63635.7775,-48885.3055,13866.8442,-1710.27805,77.3549657
70090711,4,30398.1188,-21793.3617,5730.51247,-646.597505,26.492849
70090711,5,4308.21923,-1706.93596,66.1005744,43.8056343,-3.83081216
70090711,6,32915.4336,-12383.0457,1118.2484,56.7509018,-7.59011733
70090711,7,7342217.92,-2819665.09,399707.083,-24628.6717,551.648445
70090711,8,-22338261.7,8278985.38,-1145986.51,70259.2341,-1610.57813
70090711,9,746681.714,-365806.391,65367.8422,-5026.48877,140.723183
70090711,10,-2351.46105,4415.07377,-1758.09894,257.031583,-11.8728188
70090711,11,-9818.6323,7577.83932,-2110.81543,256.826431,-11.0453506
70090711,12,-77136.1387,56284.1874,-14983.6549,1727.83143,-72.6148299
70110411,1,45047399.6,-35235306,10330042.4,-1345260.46,65657.9387
70110411,2,5004339.62,-4238096.69,1344777.25,-189446.068,9996.01515
70110411,3,-261589.774,262169.726,-98360.8608,16391.3101,-1024.3723
70110411,4,-862989.92,922544.331,-368481.19,65186.4902,-4310.14992
70110411,5,-743380.846,789360.633,-313467.714,55196.3043,-3637.26717
70110411,6,-1036923.5,1130729.68,-461554.699,83609.6453,-5672.2116
70110411,7,-45137.9182,66262.8571,-33394.5401,7107.36784,-548.323008
70110411,8,1143049.09,-1138364.93,423801.57,-69883.2324,4305.80286
70110411,9,-2740390.59,2377966.07,-771994.537,111142.082,-5987.33008
70110411,10,1.10117891e+09,-862927761,253553616,-33107656.7,1620923.63
70110411,11,-475912978,363759391,-104248670,13276572,-633982.606
70110411,12,-2.44379269e+09,1.8377321e+09,-518204774,64939533.2,-3051547.69
70120311,1,26.2362888,-64.1079377,34.9264744,-3.40263944,0.217828883
70120311,2,664.870734,-843.917133,368.454031,-60.2991679,3.08013684
70120311,3,133.565324,-117.255922,14.8474479,10.8221421,-1.82591164
70120311,4,-7.31952301,28.5186847,-32.9454177,15.312091,-1.55546499
70120311,5,-8671.66683,7505.03129,-2409.86865,341.832762,-17.2682333
70120311,6,429824.987,-196263.829,31692.2273,-2053.88841,40.7827966
70120311,7,389261558,-177014597,30165044.4,-2282937.35,64740.9401
70120311,8,-6393241.77,3306672.17,-639362.653,54781.2164,-1754.19463
70120311,9,-15133.0522,12379.1663,-3687.05565,472.733182,-20.9861111
70120311,10,-470.893204,491.794146,-196.191062,36.9464203,-1.91036709
70120311,11,-24.673164,43.0192794,-32.6912219,12.1162965,-0.758306401
70120311,12,-14.1879234,65.9717013,-53.7068509,16.5080064,-1.17833031
70150711,1,-37369.3777,16453.7789,-2576.54138,174.870821,-3.95523703
70150711,2,12829.936,-5494.3351,925.397076,-64.1770817,1.54072027
70150711,3,-50573.9929,29507.8722,-6388.20637,620.369735,-22.6624108
70150711,4,9221.53809,-6094.47277,1467.69274,-141.985007,4.77181278
70150711,5,176113.528,-97735.8358,19885.6514,-1741.94459,55.4843765
70150711,6,11950.0543,-2603.75919,185.836644,8.08064722,-0.579247192
70150711,7,4004380.16,-860679.827,67148.8093,-2216.62169,26.2344157
70150711,8,49175917,-7524676.36,426978.505,-10575.2396,96.2964486
70150711,9,29155270.9,-4387609.26,242034.939,-5741.49649,49.4845803
70150711,10,9661286.09,-1529730.19,87335.5788,-2091.28693,17.865476
70150711,11,-782471.965,195890.869,-18162.0716,747.6533,-10.8110926
70150711,12,5027.89685,83.271898,-313.75397,42.7867189,-1.06864659
70170512,1,5339732.71,-3233728.29,732334.571,-73476.283,2755.12905
70170512,2,1759913.01,-1113072.77,262315.151,-27278.6394,1055.95952
70170512,3,-7479.16358,7071.575,-2462.10112,377.76317,-21.1393963
70170512,4,-5835.88095,5096.30263,-1599.84487,218.228797,-10.9125234
70170512,5,-6482.90488,5202.54779,-1480.25601,180.46755,-7.96193449
70170512,6,-932.957607,1139.41592,-527.175422,111.408018,-8.26835163
70170512,7,-16634.3704,16741.6068,-6239.17972,1020.92149,-61.0476011
70170512,8,-239847.755,197431.571,-60648.2705,8241.4213,-417.242783
70170512,9,152091.98,-85711.2602,16077.2039,-997.419423,-0.289598353
70170512,10,3277317.73,-2181193.66,542768.093,-59820.313,2463.18875
70170512,11,2450946.31,-1563549.35,372959.887,-39394.4623,1554.05475
70170512,12,3819572.99,-2334566.81,533908.225,-54117.0764,2050.60915
70180412,1,35227204.8,-31947161,10856345.1,-1638344.25,92640.3288
70180412,2,36724990.8,-33459198.8,11424219.9,-1732486.92,98458.0648
70180412,3,-820057.837,827406.002,-312682.906,52471.7001,-3299.18018
70180412,4,1213517.32,-1172013.15,423244.855,-67697.6515,4044.72748
70180412,5,3512632.92,-3626126.5,1402578.31,-240885.841,15497.5934
70180412,6,204452.723,-244971.41,109159.784,-21425.9112,1562.99551
70180412,7,-206369.627,262918.992,-125353.072,26509.8448,-2097.54352
70180412,8,124001.13,-127514.793,48105.9277,-7813.29994,453.833669
70180412,9,3446584.18,-3773667.26,1547449.84,-281638.083,19194.3329
70180412,10,1536527.24,-1608575.98,630330.33,-109550.187,7124.16441
70180412,11,423237.02,-418902.694,154829.837,-25300.9499,1541.22032
70180412,12,5328199.19,-4961545.39,1730093.18,-267707.62,15507.9803
70190412,1,-166795542,94874860.8,-20221216.9,1914054.8,-67892.2364
70190412,2,-40754336.6,23071585,-4891901.93,460480.887,-16238.1221
70190412,3,-33675622.2,19317185.1,-4149101.65,395535.666,-14122.0623
70190412,4,1157506.64,-787403.16,199162.593,-22176.7015,917.021871
70190412,5,-164220.952,137102.09,-42724.162,5892.40355,-302.736341
70190412,6,11192168.9,-7980832.36,2130729.15,-252387.624,11190.1266
70190412,7,42472830.2,-30496167.8,8208709.51,-981640.752,44001.1693
70190412,8,28379773,-20860730.3,5744751.22,-702401.313,32170.6961
70190412,9,-57303807.3,39763814.6,-10341771.2,1194861.01,-51748.0562
70190412,10,26071875.8,-18231459.3,4772546.95,-554271.419,24095.877
70190412,11,8596994.48,-5909177.08,1514206.61,-171484.426,7244.2636
70190412,12,84509892.4,-51927665.9,11956225.6,-1222514.07,46835.2137
70200412,1,-6036741.35,3814789.65,-903936.408,95205.3623,-3760.33347
70200412,2,-129779.355,105221.104,-31663.7383,4189.5382,-204.674575
70200412,3,-1822.33778,2086.19117,-870.493999,157.976436,-9.8283168
70200412,4,-24390.2949,30726.4107,-14382.6127,2974.94479,-230.086355
70200412,5,-7998.91997,9753.86429,-4372.01584,859.142376,-62.6678023
70200412,6,-194.491244,19.1761766,75.9010183,-23.2519705,1.84186154
70200412,7,-10211.8412,9659.38201,-3443.95953,554.978334,-33.6816186
70200412,8,-65099.9205,58018.4262,-19233.936,2818.30811,-153.466431
70200412,9,9099377.09,-6059083.21,1509319.04,-166652.299,6880.90994
70200412,10,12367059,-7960606.47,1917290.87,-204733.471,8177.30816
70200412,11,806256.33,-446508.316,89250.0025,-7465.98128,211.112182
70200412,12,-2450870.88,1601576.17,-392304.87,42704.166,-1742.66389
70210312,1,5110144.83,-2081416.92,315946.961,-21161.575,527.53778
70210312,2,3747411.93,-1553871.29,240174.344,-16375.3992,415.350819
70210312,3,802759.057,-357433.43,59038.495,-4267.44311,113.867836
70210312,4,-314393.999,143587.24,-24439.0136,1853.92036,-52.8660792
70210312,5,576673.069,-290546.176,54643.9388,-4522.52423,138.667425
70210312,6,1547550.53,-838199.697,169301.905,-15087.9019,500.219109
70210312,7,-87432.7528,124165.843,-42000.2584,5429.2743,-243.196869
70210312,8,8395003.06,-4313530.58,828231.216,-70387.7823,2233.22089
70210312,9,219138500,-104087483,18530188.3,-1465284.95,43422.7911
70210312,10,9917820.3,-4752958.46,851971.618,-67654.0883,2007.31672
70210312,11,11490268.3,-5102125.61,846148.457,-62082.9807,1699.94808
70210312,12,5400369.26,-2247005.97,348206,-23791.094,604.448698
70230711,1,-5209.70129,6003.64649,-2522.39772,463.060413,-31.1355245
70230711,2,678.546364,-551.812154,157.823083,-15.1997759,0.507693889
70230711,3,-136.784822,133.634931,-49.9525889,10.817779,-0.384184872
70230711,4,-776.77683,705.657555,-212.861892,25.6355806,-0.607687803
70230711,5,-406.639532,362.240071,-105.739436,13.4580943,-0.276158904
70230711,6,-59.4714339,120.439038,-53.6433323,10.0793153,-0.327423951
70230711,7,1211.91872,-867.610489,221.526872,-23.1165849,0.858793395
70230711,8,-47548.0098,55736.6792,-24243.5877,4644.25929,-330.932314
70230711,9,-56032.2009,62959.9958,-26202.3793,4793.07101,-325.518467
70230711,10,-96049.3356,113304.159,-49952.4957,9768.56635,-715.680568
70230711,11,-4446.8919,5294.75948,-2313.65992,444.573021,-31.4924236
70230711,12,-30639.4372,33595.2587,-13575.5055,2397.74047,-155.965193
70250411,1,-171952.23,38684.2747,-3106.63725,120.686075,-1.61752873
70250411,2,-606769.397,165530.535,-16696.4231,756.102198,-12.6671145
70250411,3,679685.477,-220656.425,25662.6281,-1244.45054,21.396113
70250411,4,580183.504,-174888.327,18965.8945,-852.846299,13.5359047
70250411,5,408754.86,-103520.677,8952.71069,-287.252624,2.91430534
70250411,6,288833.884,-54122.7791,3251.84729,-50.9883727,0.107920255
70250411,7,-143806.901,33216.3528,-2829.07945,117.994822,-1.46842944
70250411,8,-376711.472,80263.1569,-5852.35705,182.484389,-1.81520519
70250411,9,608770.19,-153726.238,13727.7844,-488.834892,5.98588622
70250411,10,-272321.302,63798.9853,-5536.56726,229.995829,-3.52001749
70250411,11,653546.082,-168291.615,15178.1853,-543.879734,6.786723
70250411,12,-601219.327,147969.383,-12988.8138,493.798995,-6.55920235
70260211,1,-32668.9838,44042.9448,-22187.0292,4960.02866,-415.571341
70260211,2,-5814.00702,7313.07594,-3379.87607,687.131727,-52.2254115
70260211,3,69285.2986,-92884.2702,46577.086,-10342.9866,857.679294
70260211,4,-19159.4745,26626.0792,-13876.4067,3221.48811,-280.985733
70260211,5,14338.2159,-19220.5433,9537.19164,-2067.23358,165.039533
70260211,6,-11460.5044,14273.5339,-6596.91877,1347.77146,-102.838849
70260211,7,4524.41867,-5811.39367,2768.46249,-572.361693,43.1968868
70260211,8,11042.354,-14587.0318,7141.74965,-1528.34011,120.588701
70260211,9,-7248.51211,6963.21501,-2357.34638,331.274954,-15.8976343
70260211,10,8057.24188,-10890.5304,5387.35804,-1150.10013,89.5867847
70260211,11,4398.27211,-5731.46787,2706.20714,-542.316836,38.9023558
70260211,12,-4013.3555,5654.91247,-2985.75266,705.571161,-62.653836
70270211,1,-2670943.58,2230054.87,-696626.03,96519.0548,-5005.56517
70270211,2,2492014.03,-2223177.4,742428.677,-109965.329,6094.15621
70270211,3,542524.078,-509289.916,178067.8,-27470.9968,1577.76154
70270211,4,1460143,-1264047.03,409494.325,-58810.375,3158.52469
70270211,5,55899.1131,-49497.9278,16240.9591,-2327.60143,122.875339
70270211,6,-113303.357,92331.5504,-27895.0915,3714.57923,-184.177667
70270211,7,-103236.339,77082.8462,-21199.7728,2553.61881,-113.885537
70270211,8,-253096.594,202196.854,-60170.6814,7916.91966,-388.755704
70270211,9,-137472.551,106231.305,-30524.0368,3877.71719,-183.980163
70270211,10,35543.8784,-29803.7387,9258.1638,-1250.02626,61.8259592
70270211,11,99690.4909,-83391.2961,25787.206,-3480.3171,172.955303
70270211,12,-158007.587,123699.556,-35930.9699,4599.11122,-218.985014
70280411,1,3819.44088,-6295.9326,3794.27726,-985.162597,93.1049647
70280411,2,2316.16757,-3531.88405,1911.44314,-422.626999,30.9691263
70280411,3,22947.1924,-33931.8343,18617.0087,-4483.12942,399.702209
70280411,4,-25685.1471,30022.7806,-13008.6518,2483.92436,-176.696694
70280411,5,-5839.04955,6162.14095,-2402.8962,418.239594,-27.6327877
70280411,6,-316.941479,135.823961,33.62618,-15.8504147,1.30634289
70280411,7,-65.6889069,-36.686238,56.2463303,-11.9079238,0.719859942
70280411,8,178.063866,-416.278548,256.039687,-53.9236501,3.63023859
70280411,9,4284.67911,-5195.42704,2323.47008,-446.785932,31.0841206
70280411,10,-4823.69522,5570.63856,-2330.77792,422.433706,-28.0096423
70280411,11,-10703.4319,12372.6402,-5249.11101,972.833849,-66.5008463
70280411,12,1710.46892,-2816.89416,1684.89574,-428.72203,39.2835995
70290411,1,3533.00087,-5808.51189,3533.37314,-935.890239,90.649645
70290411,2,-17094.8469,31509.2231,-21652.8704,6578.4157,-745.424061
70290411,3,4130.25689,-6312.12958,3529.87052,-846.088588,72.1695355
70290411,4,3809.81672,-5873.90686,3310.92933,-799.78165,68.756224
70290411,5,-309.206809,814.269708,-614.722286,171.944236,-14.5381343
70290411,6,1623.51151,-2451.00187,1325.5838,-296.511134,22.1427421
70290411,7,337.933482,-511.031506,282.157458,-64.3302214,4.91392735
70290411,8,2754.88397,-4948.38139,3296.98099,-961.601586,103.536914
70290411,9,-4050.80172,8303.85914,-6315.91188,2115.86577,-263.170871
70290411,10,2524.93235,-4213.23736,2584.22452,-683.302104,65.0756566
70290411,11,-624.230097,1442.81158,-1201.091,435.169939,-57.9743039
70290411,12,-2651.24311,5445.12949,-4108.16611,1357.15239,-165.747059
70310312,1,-918489.54,1045224.99,-445276.177,84179.0476,-5959.41072
70310312,2,-437307.503,492487.721,-207498.48,38781.7273,-2713.85072
70310312,3,-991816.626,1139171.31,-489738.718,93414.9766,-6671.26471
70310312,4,-175905.884,205007.868,-89328.3541,17261.0364,-1248.60665
70310312,5,-143665.251,175063.465,-79708.1602,16083.8453,-1214.13351
70310312,6,-159989.978,201669.743,-94977.8374,19821.9171,-1547.51009
70310312,7,-261282.84,346013.688,-171430.887,37673.4383,-3099.07173
70310312,8,18254.2388,-14299.4392,2078.51613,681.904188,-153.380933
70310312,9,-393368.617,525353.496,-262466.403,58149.4421,-4821.03971
70310312,10,-62862.9142,86668.109,-44244.9689,9942.6904,-831.395728
70310312,11,-226779.003,275842.676,-125407.461,25269.6493,-1904.76846
70310312,12,-578641.242,679736.326,-298782.89,58257.8894,-4252.28904
70320211,1,-110849.444,245974.625,-203173.815,74130.0475,-10089.6335
70320211,2,1280731.83,-2550096.36,1903071.81,-630846.225,78372.1572
70320211,3,-3541174.67,7059743.17,-5276727.08,1752545.24,-218234.929
70320211,4,-768985.122,1578427.55,-1214836.63,415534.148,-53299.4754
70320211,5,-72081.8724,150615.675,-117788.359,40875.708,-5312.29549
70320211,6,-202429.737,421119.826,-327882.253,113249.417,-14642.2129
70320211,7,-3423990.33,7483809.25,-6132910.48,2233351.54,-304939.646
70320211,8,-352420.931,748248.762,-595100.114,210140.526,-27799.9922
70320211,9,-151784.919,311155.467,-238802.219,81329.5509,-10371.8404
70320211,10,181875.182,-363878.677,272614.57,-90632.1187,11280.6516
70320211,11,-25134.7214,50628.3153,-38137.732,12741.5276,-1593.40153
70320211,12,87238.5383,-168164.803,121428.856,-38916.8983,4670.0165
70330312,1,2681.04203,-4031.51237,2244.31348,-545.306079,48.8275556
70330312,2,3508.98337,-5417.8699,3106.28978,-780.291908,72.4303291
70330312,3,7078.87889,-11337.2754,6755.09881,-1769.81015,171.858993
70330312,4,305.822915,-393.007644,185.09687,-35.4134102,2.31943964
70330312,5,-383.764558,574.503496,-291.18285,59.5281991,-4.00877287
70330312,6,12509.4782,-22535.601,15159.4679,-4507.76853,499.697946
70330312,7,83.9007879,-422.660265,455.171706,-176.888504,23.0913314
70330312,8,67.974846,-98.874519,46.638393,-3.28017722,-1.10912664
70330312,9,1856.84461,-3061.61998,1855.65568,-485.601294,46.2672582
70330312,10,4542.37387,-7443.84069,4492.66177,-1178.74003,113.537018
70330312,11,2287.10099,-3467.9088,1926.05248,-460.362853,39.9435485
70330312,12,811.214708,-993.90973,411.622632,-59.1838881,1.07216889
70340711,1,-335491.869,612518.787,-418939.694,127239.354,-14480.7508
70340711,2,-344168.12,634207.934,-437764.925,134162.641,-15404.7552
70340711,3,-79507.1191,144164.271,-97689.6609,29329.6185,-3292.79106
70340711,4,-780739.551,1477705.27,-1048174.04,330260.091,-39002.4923
70340711,5,53438.8848,-95146.5774,63446.5001,-18770.5321,2077.9762
70340711,6,25956.4823,-47959.9812,33190.9983,-10186.9437,1169.24538
70340711,7,-1805.39375,3137.68375,-1995.04634,554.595947,-57.0718587
70340711,8,-1217.98496,1855.76825,-1019.59393,241.789085,-20.9036734
70340711,9,1712.69189,-2179.6758,1003.09075,-192.425358,12.4429118
70340711,10,2967.95192,-4307.75533,2332.30351,-554.345198,48.6146496
70340711,11,-8483.40924,14431.9173,-9134.88963,2555.03937,-266.533732
70340711,12,-10445.0631,18065.768,-11582.7406,3268.15931,-342.724522
70360512,1,45382.6547,-49579.0864,20039.1634,-3543.42452,231.361585
70360512,2,63137.5491,-68318.8985,27392.1304,-4814.9488,313.139498
70360512,3,26773.0838,-29297.307,11822.5667,-2077.46049,134.154342
70360512,4,46002.4498,-51027.307,20949.2016,-3766.72253,250.337497
70360512,5,-6712.79781,8814.79652,-4304.87412,931.128703,-74.9607032
70360512,6,-5999.65569,8254.90776,-4233.45289,963.238111,-81.6709647
70360512,7,-4498.17463,6489.35865,-3479.80471,827.2752,-73.2581057
70360512,8,-87458.6171,106565.51,-48435.7041,9741.53642,-731.738842
70360512,9,-7684.85863,8365.55713,-3414.23374,631.269155,-45.1000063
70360512,10,-809.61196,1241.3836,-726.431899,194.490813,-19.2916837
70360512,11,41612.1957,-47176.3586,19853.6825,-3667.23951,250.79675
70360512,12,62254.6552,-67799.4463,27422.5327,-4873.5085,321.072854
70370411,1,-1756745.68,3274461.1,-2287752.52,710096.122,-82621.0216
70370411,2,-8181262.26,15439231.9,-10922733.9,3433422.85,-404604.542
70370411,3,-7498123.54,14275352,-10188706.3,3231016.75,-384117.894
70370411,4,-3452916.73,6725360.37,-4909915.66,1592422.12,-193593.698
70370411,5,-9720316.68,19007441.9,-13934413.1,4539045.28,-554328.89
70370411,6,162956.585,-300443.299,207598.624,-63701.4618,7322.78967
70370411,7,-34162.0324,68637.917,-51289.6308,16917.8599,-2080.22941
70370411,8,31161.6213,-56765.2147,38653.2157,-11649.8452,1310.63458
70370411,9,62142.2625,-105527.476,66714.8283,-18587.0605,1923.27605
70370411,10,-14582.3849,29187.6928,-21705.1253,7120.51016,-869.94658
70370411,11,-49698.9905,89096.1618,-59796.8083,17812.8412,-1987.22012
70370411,12,-84761.6813,147905.161,-96417.3349,27836.9329,-3003.98689
70380311,1,-383928.754,699206.582,-476389.304,143946.593,-16278.2712
70380311,2,-1073691.3,1945695.76,-1320914.96,398177.118,-44967.6127
70380311,3,-633708.492,1165482.53,-803277.764,245906.876,-28212.3443
70380311,4,470634.467,-827627.356,544570.332,-158860.216,17330.7779
70380311,5,-4138.08308,8323.43559,-6112.70846,1961.65624,-233.120138
70380311,6,14902.5961,-22721.9841,12708.2873,-3067.45383,267.243264
70380311,7,-46463.6431,76446.2018,-47030.4438,12831.1111,-1310.25475
70380311,8,-171422.332,276702.185,-167253.187,44876.7923,-4510.14265
70380311,9,3559293.77,-5171038.6,2815321.17,-680747.267,61681.4447
70380311,10,192435.297,-267370.872,138350.424,-31568.0243,2677.25775
70380311,11,-75064.9298,142002.075,-95316.0186,27389.203,-2871.24688
70380311,12,-71825.4253,111635.875,-64760.6085,16623.6463,-1593.32629
70390211,1,-354526.334,636220.626,-427574.529,127554.574,-14253.1749
70390211,2,-439517.61,793654.914,-536634.594,161042.925,-18099.4683
70390211,3,-239619.847,428250.384,-286504.437,85051.0816,-9453.9469
70390211,4,-7782.67982,13059.6934,-8159.16453,2256.76913,-233.624487
70390211,5,-946.545392,1723.63146,-1151.07945,339.231913,-37.0581775
70390211,6,-10082.6435,16686.7697,-10278.3141,2797.26681,-283.763041
70390211,7,-9582.26758,15586.7082,-9447.08687,2535.31494,-254.407533
70390211,8,-393.501618,669.74856,-416.34493,119.154287,-13.3578172
70390211,9,7326.39873,-11133.9209,6325.55292,-1587.67297,148.312887
70390211,10,9839.46784,-14485.4958,7927.04265,-1906.72845,169.968931
70390211,11,-6322.96531,10154.9586,-6024.99203,1568.99725,-151.334622
70390211,12,-11265.9285,18143.721,-10821.1808,2836.96669,-276.046589
70400311,1,208.059816,389.873439,-512.17841,164.87511,-13.7484351
70400311,2,2512.31369,-1183.03948,-529.449451,319.174538,-30.8069779
70400311,3,5344.92811,-7436.39757,3722.17312,-770.518507,52.2827939
70400311,4,854.575435,-1143.20203,562.522333,-115.100301,7.83816016
70400311,5,-3073.01286,4655.1966,-2495.76305,547.562803,-38.5983115
70400311,6,-5386.81129,7525.26212,-3721.76258,756.626773,-50.9372974
70400311,7,-9871.9951,14098.5497,-7151.51669,1491.71655,-102.462153
70400311,8,-403993.54,740560.741,-508390.385,154922.651,-17683.3692
70400311,9,108865.359,-212930.25,155694.242,-50430.3044,6104.79647
70400311,10,-48505.3516,97182.1357,-72876.0283,24249.1457,-3021.18595
70400311,11,2429.62922,-3985.2608,2333.85922,-555.576013,41.3348191
70400311,12,3818.87619,-6261.02981,3647.23472,-860.752865,63.4336525
70410211,1,282.838711,-293.590623,92.1613277,-5.50625859,-0.199487455
70410211,2,-1053.7712,1232.7804,-519.903384,95.9894767,-5.80269419
70410211,3,-85.3622366,161.625084,-95.4230634,22.7730133,-1.41175242
70410211,4,-238.05437,384.633543,-200.656982,40.6170685,-2.60847537
70410211,5,351.601509,-366.61661,134.048818,-18.4965126,0.850116579
70410211,6,317.940159,-277.475163,72.2918677,-2.46430489,-0.513209735
70410211,7,131.325971,-81.5436864,-6.59960797,12.3654224,-1.37844107
70410211,8,12.7224936,68.2611447,-71.1946612,22.8805899,-1.80622531
70410211,9,484.703905,-507.957723,184.872914,-25.1005837,1.12588863
70410211,10,496.78683,-495.337301,172.121552,-23.0670145,0.990989672
70410211,11,499.737164,-509.7587,180.908105,-24.0643566,0.951159671
70410211,12,453.864513,-463.818539,163.427566,-21.5231979,1.00327904
70420211,1,52539.486,-85232.9037,51687.0265,-13884.2109,1393.87127
70420211,2,-19150.6557,33363.1843,-21654.2879,6207.91541,-663.027401
70420211,3,16621.3485,-26038.4704,15231.8547,-3942.14228,380.876406
70420211,4,328581129,-616243642,433389850,-135458882,15876409.7
70420211,5,-98505.6257,186917.217,-131859.612,41027.7977,-4754.0659
70420211,6,152799.24,-252418.397,155893.226,-42652.6087,4361.42444
70420211,7,-10640.6977,19076.2965,-12712.2662,3738.88775,-409.519172
70420211,8,15793.4463,-24028.1474,13510.3557,-3320.06715,300.90678
70420211,9,66609.9827,-96563.8717,51819.9181,-12204.316,1065.15535
70420211,10,3986.04005,-4893.26601,2070.67876,-333.077416,13.1817576
70420211,11,-62025414.5,58398496.2,0,-12941683.5,3046126.68
70420211,12,-2.9936407e+09,5.63419469e+09,-3.97638674e+09,1.24725785e+09,-146706235
70430411,1,-9604472.52,6523039.21,-1658769.08,187206.804,-7912.14499
70430411,2,-3766659.71,2776007.26,-758369.032,91209.6319,-4080.87184
70430411,3,164015.485,-124961.026,35200.2122,-4328.11997,195.851619
70430411,4,-232.525692,344.678258,-196.407994,51.4927785,-4.29648284
70430411,5,452.726413,-492.700169,175.735195,-19.7031123,0.639519515
70430411,6,-54446.3612,31316.1043,-6728.68805,656.810553,-24.714584
70430411,7,-489464.951,261683.483,-52101.7083,4593.35005,-151.216976
70430411,8,-34667.9871,11222.6188,-1167.62695,51.0453994,-0.763070693
70430411,9,-12890.7511,4890.76553,-603.08737,31.5527502,-0.273228663
70430411,10,-9234.47631,5107.70884,-1036.98346,101.543204,-3.94815872
70430411,11,-42241.7318,22405.0252,-4013.88566,274.293655,-4.96729679
70430411,12,-13388.5932,11518.5213,-3967.71987,638.343528,-38.6847525
70440711,1,-804839.436,465194.506,-100213.327,9551.72564,-339.902836
70440711,2,1411052.19,-759514.157,152421.248,-13486.9523,443.539674
70440711,3,-61574.9664,32510.3175,-6526.72809,612.210156,-22.7473502
70440711,4,-27335.2479,16451.6931,-3628.79766,357.668754,-13.2989919
70440711,5,-81270.2322,48885.0446,-10921.8186,1086.76042,-40.5926769
70440711,6,30590.9,-20281.8324,4830.08384,-478.352108,16.7456749
70440711,7,-234801.323,106961.237,-17788.5774,1291.06799,-34.4876638
70440711,8,-182772.026,78665.301,-12165.6798,815.54854,-19.8599762
70440711,9,-3313.41676,2591.29361,-693.278733,80.7879265,-2.79430207
70440711,10,962.390088,-899.965833,293.484867,-29.672375,0.940851609
70440711,11,-122737.283,79847.9538,-19238.383,2043.32452,-80.5215627
70440711,12,-36004.7568,21344.3204,-4821.99724,507.387528,-20.8182648
70450311,1,44502.6806,-65843.5316,36380.4114,-8886.59436,809.305496
70450311,2,-290701.756,431677.123,-240041.797,59245.8482,-5476.06944
70450311,3,-10322971.6,14366141.2,-7493082.47,1736016.34,-150741.834
70450311,4,20251.4574,-27317.733,13684.8355,-3007.49148,243.828915
70450311,5,57504.3863,-100068.756,64973.9907,-18645.5751,1994.90314
70450311,6,25107.051,-44331.9384,29188.0307,-8483.93932,918.161614
70450311,7,201.48165,-673.34127,634.942492,-228.382505,27.9581655
70450311,8,1759.67395,-3100.42308,2012.00579,-564.285638,57.5984309
70450311,9,10395.001,-14849.4115,7897.41338,-1849.2669,160.768423
70450311,10,22758.7902,-30225.8693,14867.0549,-3208.92637,256.449107
70450311,11,22646.7033,-28300.2808,12612.2027,-2306.08963,136.221628
70450311,12,-73484.9357,111016.287,-62539.5916,15575.1815,-1447.08258
70460711,1,-61581.8432,67793.1649,-27712.8673,4995.92992,-335.557734
70460711,2,-1997238.58,2222351.07,-925048.021,170730.096,-11789.6465
70460711,3,259075879,-302861656,132756694,-25861175.4,1889001.59
70460711,4,1765941.8,-2032139.86,877118.456,-168277.487,12106.6262
70460711,5,59336.2381,-46378.8203,10860.8393,-378.455863,-92.0825906
70460711,6,5538090.43,-6758889.4,3093224.93,-629118.219,47976.824
70460711,7,73675.1746,-97127.2522,47551.2088,-10231.1497,815.516181
70460711,8,-27138.7493,31576.6618,-13533.8744,2541.51295,-176.799419
70460711,9,24537.0693,-24143.7456,8813.04391,-1409.59233,83.3180874
70460711,10,-5067.79336,6570.0889,-3010.87396,594.359153,-43.0463902
70460711,11,179253.774,-215557.424,97017.4217,-19347.283,1441.32972
70460711,12,1305467.86,-1533634.67,674219.72,-131423.313,9581.67382
70470511,1,40792931.3,-89893007.1,74278589.8,-27276170.6,3755762.02
70470511,2,42997885.2,-93203855.5,75761704,-27370322.2,3707978.96
70470511,3,11867098.4,-26270603.7,21804908.3,-8042320.92,1112150.38
70470511,4,13547921.6,-30346858.5,25488997.2,-9514238.54,1331648.68
70470511,5,3030655.23,-6898277.46,5886247.89,-2231556.25,317142.414
70470511,6,-6450981.01,14856598.9,-12827514.6,4921347.58,-707881.108
70470511,7,34248.8465,-68128.6642,50189.3147,-16172.6307,1913.67906
70470511,8,12453.9454,-25253.8457,19143.7556,-6427.3152,806.274638
70470511,9,37525.9683,-78851.7924,62044.9403,-21664.2872,2832.06926
70470511,10,-6020.54662,17241.4275,-17217.0002,7302.43442,-1125.67044
70470511,11,-101267.785,218463.641,-175996.899,62764.0279,-8361.60829
70470511,12,-8366375.65,18474553.5,-15296690.5,5628570.81,-776593.077
70480712,1,-675297.181,1232521.6,-842767.064,255890.298,-29112.2371
70480712,2,5316018.6,-9829804.67,6816817.76,-2101233.87,242900.621
70480712,3,-26351822.2,49250657.1,-34513138.9,10747714.3,-1254939.04
70480712,4,-8704158.51,16495879.6,-11720778,3700503.12,-438033.043
70480712,5,-6245702.41,12070856.1,-8746271.6,2815980.06,-339921.503
70480712,6,-41313.5085,82196.0486,-60675.1799,19727.5967,-2386.67997
70480712,7,26266.099,-43405.855,26757.8094,-7291.65981,741.186515
70480712,8,11281.5432,-19322.9311,12352.6331,-3487.45622,366.689459
70480712,9,2243.2708,-3276.01221,1754.67407,-401.759959,32.4682094
70480712,10,-27060.5824,49751.6258,-33996.9451,10243.3579,-1148.88945
70480712,11,2810.26532,-297.08271,-2604.31646,1505.96064,-238.255819
70480712,12,25229.3646,-39788.0838,23447.3615,-6117.36964,596.091774
70490711,1,-67603.8008,80825.3166,-35998.2296,7089.18344,-521.34115
70490711,2,13617.3128,-19440.862,10255.3466,-2361.96307,200.444066
70490711,3,-10511.885,12310.9818,-5327.74621,1017.27506,-72.6877485
70490711,4,-26256.771,31051.7313,-13595.0826,2617.8284,-187.257101
70490711,5,-9115.12929,9404.52566,-3528.14947,574.68172,-34.3635434
70490711,6,-5578.92766,5148.4303,-1717.42328,249.662438,-13.3195105
70490711,7,315.967437,-28.0756763,-105.528814,39.4042856,-3.24102023
70490711,8,-3003.5211,2731.47646,-915.946424,137.016521,-7.13540955
70490711,9,2248.52739,-1922.78069,578.713491,-67.2206064,2.67575977
70490711,10,-98.354434,183.41266,-82.6930844,17.7609095,-1.19016101
70490711,11,-4042.92355,4181.35405,-1568.13347,257.323486,-15.6210475
70490711,12,8947.8586,-12737.1471,6634.45147,-1494.42542,123.069107
70500811,1,749650.69,-1344481.56,903475.133,-269583.68,30135.2055
70500811,2,-706732.556,1225941.57,-796553.546,229779.625,-24831.5812
70500811,3,162963.431,-297380.598,203462.474,-61828.8249,7038.75303
70500811,4,-681828.924,1170657.84,-752484.751,214627.711,-22920.5567
70500811,5,1445490.96,-2574127.89,1718290.96,-509537.79,56632.1152
70500811,6,1178759.08,-2090911.83,1389511.96,-409980.915,45314.0241
70500811,7,537169.429,-935826.704,610398.304,-176647.155,19136.4638
70500811,8,15877.155,-42836.6955,36541.5755,-12708.262,1572.01198
70500811,9,300531.573,-486581.162,294959.892,-79324.3889,7984.37608
70500811,10,265357.627,-421495.662,250405.534,-65922.3884,6487.2948
70500811,11,-356831.578,587707.481,-362491.734,99247.104,-10178.2158
70500811,12,-311436.312,523742.474,-329647.546,92048.8645,-9622.67516
70510211,1,95629.682,-175538.618,120586.85,-36733.644,4186.04812
70510211,2,-1614282.91,3262925.24,-2472605.42,832567.196,-105104.733
70510211,3,415581.973,-870018.359,682381.738,-237628.486,30997.424
70510211,4,123223.789,-243252.001,178765.85,-57873.1695,6949.85172
70510211,5,-417033.581,833618.967,-622626.576,205886.792,-25424.3317
70510211,6,406456.013,-830403.385,636335.7,-216756.822,27691.4231
70510211,7,3322.10713,-5629.95215,3541.85261,-977.538715,99.7731114
70510211,8,530.205165,-422.136417,-60.3359402,114.006065,-21.8623988
70510211,9,1521.65277,-2225.15314,1174.05676,-260.440668,20.1932803
70510211,10,211180.54,-408460.571,295793.585,-95040.9199,11431.4641
70510211,11,-178585.413,347697.238,-253457.116,81998.2614,-9934.83568
70510211,12,124296.781,-232035.957,162163.637,-50275.8614,5833.44078
70530811,1,5763.78036,-3873.60363,900.078615,-77.1800429,2.08094288
70530811,2,113447.3,-62942.2049,12612.3011,-1071.66127,32.5727439
70530811,3,111144.42,-63688.5039,13258.1565,-1178.31438,37.7327011
70530811,4,-390909.713,252727.918,-60681.6216,6422.60843,-252.573168
70530811,5,-15959.9411,13397.0462,-4160.97791,570.171266,-28.5007398
70530811,6,-9334.36156,8455.82426,-2839.89275,422.338485,-22.8726362
70530811,7,-166369.9,120374.498,-32593.1627,3922.32472,-176.579788
70530811,8,-654991.687,447020.543,-113889.334,12843.9384,-540.481639
70530811,9,-432451.501,290011.916,-72309.4108,7950.68431,-324.946799
70530811,10,-162167.29,112467.287,-28892.405,3261.18316,-135.903866
70530811,11,-328134.65,216849.592,-53098.4409,5711.1977,-227.058165
70530811,12,369823.409,-198189.53,38794.9104,-3267.61586,99.6308497
70550111,1,10109.892,-3994.40155,-372.374537,316.39843,-31.9598198
70550111,2,-71702.0966,72530.8324,-27184.9128,4473.33604,-271.93608
70550111,3,23682.2978,-19294.5494,5750.13594,-738.958259,34.6247387
70550111,4,44494.0319,-37799.0082,11803.4956,-1597.76554,79.139831
70550111,5,-8213.85559,9355.20185,-3966.67796,744.78121,-51.6298515
70550111,6,-369.241536,738.460891,-478.982293,129.278134,-11.9085673
70550111,7,-652.657889,977.038237,-538.017371,132.317425,-11.691674
70550111,8,847.781471,-739.111253,170.176036,9.36894636,-4.22056401
70550111,9,-18223.472,18726.4642,-7254.95855,1265.18545,-83.6375502
70550111,10,147621.915,-136871.807,47232.8516,-7175.70399,404.666918
70550111,11,378674.038,-329211.179,106702.702,-15265.034,813.054346
70550111,12,452167.068,-365828.277,110328.85,-14684.3605,727.525157
70560111,1,1940863.77,-1459063.64,410403.655,-51163.5281,2384.4385
70560111,2,8215623.41,-5951541.24,1614313.69,-194270.084,8750.50074
70560111,3,-25912.023,28931.8701,-10737.7031,1670.39907,-94.041759
70560111,4,2943088.71,-2687715.06,911572.571,-136237.853,7577.52347
70560111,5,294187.914,-213258.258,57460.3546,-6801.05812,297.830225
70560111,6,147189.452,-103025.915,26439.2163,-2922.16534,116.431326
70560111,7,-2153.49147,3530.19941,-1552.23304,273.138952,-16.672992
70560111,8,35592.7734,-21590.0051,4634.59169,-402.821614,11.2955417
70560111,9,2201191.5,-1957963.22,652322.674,-96444.6764,5337.83382
70560111,10,-3417041.28,3017555.55,-997735.607,146428.058,-8049.82852
70560111,11,-13941771.6,12086190.6,-3925191.4,566037.859,-30583.0356
70560111,12,4959523.92,-4243488.76,1360872,-193829.803,10343.7544
70570012,1,11600876.8,-17191902.6,9550792.45,-2357297.14,218099.445
70570012,2,9827741.42,-14551110.6,8076275.9,-1991481.86,184076.543
70570012,3,2471811.89,-3725945.33,2103285.38,-526961.673,49441.4233
70570012,4,23296552.2,-34166002.3,18785839.5,-4589676.5,420395.375
70570012,5,9961475.04,-14457971.4,7865376.88,-1900805.45,172174.423
70570012,6,3839147.58,-5502961,2955536.04,-704890.136,62987.1002
70570012,7,-1379056.62,2050787.4,-1142553.96,282658.381,-26199.846
70570012,8,-1865704.92,2699490.33,-1464465.59,353047.493,-31912.2537
70570012,9,-169984.695,256272.409,-144298.459,36010.5814,-3363.42932
70570012,10,226640.451,-346458.834,196996.104,-49405.8328,4613.95232
70570012,11,-2946293.78,4031679.58,-2066732.49,470413.275,-40114.8582
70570012,12,46657.2981,-120150.348,94164.506,-29751.2983,3329.15352
70580012,1,1479802.62,-2226900.15,1254715.84,-313650.042,29344.802
70580012,2,18565375.1,-28720133.7,16656907.8,-4292502.29,414711.433
70580012,3,7821270.96,-12110003.3,7029143.32,-1812713.95,175239.213
70580012,4,4521129.93,-6986606.44,4046989.13,-1041392.99,100441.629
70580012,5,17227766.6,-26756027.5,15578093.1,-4029850.8,390801.255
70580012,6,1241212.73,-1939743.57,1135378.6,-294974.607,28698.7657
70580012,7,497236.034,-750894.034,424082.686,-106123.009,9924.80202
70580012,8,3064504.38,-4699089.44,2699861.67,-688832.339,65846.3782
70580012,9,2544011.02,-3890849.26,2229650.48,-567364.255,54090.2512
70580012,10,3983852.91,-6054358.69,3446934.08,-871283.98,82497.4955
70580012,11,-19485.2151,145775.61,-151946.348,56620.4726,-7166.5674
70580012,12,4021373.42,-6160211.01,3537262.61,-902331.856,86277.781
70590712,1,975.429265,-1423.33143,770.521977,-179.971273,15.2927972
70590712,2,1068.35825,-1525.47393,808.443393,-185.339503,15.4792231
70590712,3,721.834066,-1002.55502,517.626296,-115.048804,9.28416032
70590712,4,1083.3378,-1587.05218,855.016038,-197.50509,16.5628068
70590712,5,838.511365,-1187.6342,618.844895,-137.721171,11.1017426
70590712,6,1366.02257,-1914.67,978.99851,-213.152902,16.6912831
70590712,7,1356.2283,-1741.54185,806.48058,-156.454076,10.7018221
70590712,8,2980.811,-4119.84529,2098.70044,-464.171898,37.6744132
70590712,9,2764.90008,-3571.69866,1687.61197,-343.633663,25.5687642
70590712,10,1050.44838,-1404.07845,685.954277,-142.289918,10.6427355
70590712,11,315.163909,-390.188302,175.823302,-32.1699259,2.0767355
70590712,12,764.039588,-1076.36705,564.305799,-127.820937,10.5589696
70620611,1,69095.3138,-76113.1368,31000.7222,-5526.9504,364.193008
70620611,2,-231859.789,242307.387,-94348.0098,16236.4595,-1042.27926
70620611,3,-21629.1448,25833.3348,-11425.578,2219.00367,-159.133928
70620611,4,69894.1485,-82985.4803,36632.3885,-7114.24229,512.710636
70620611,5,-7871.42243,10198.5301,-4961.38241,1080.90748,-88.7656913
70620611,6,3592.30706,-3181.32272,897.151909,-62.7335516,-4.65755923
70620611,7,-32067.8344,33785.9333,-13218.9875,2286.62279,-147.934239
70620611,8,-37151.5747,35987.4724,-12887.5381,2030.92478,-119.075736
70620611,9,171540.107,-164915.967,59223.2378,-9398.41503,555.508574
70620611,10,-10643.4794,18516.9037,-9672.11133,2048.77007,-154.693489
70620611,11,387148.271,-309854.067,89564.3682,-10846.033,443.776511
70620611,12,939105.818,-824046.493,269674.13,-38959.4126,2093.57571
70630312,1,-951982.056,697409.073,-190996.458,23197.63,-1054.93173
70630312,2,-846433.575,625807.044,-172982.396,21208.4538,-973.720866
70630312,3,-199041.345,138808.422,-35994.5069,4132.692,-177.959332
70630312,4,-670704.259,503374.646,-141077.862,17519.5189,-814.046454
70630312,5,47756.7454,-42375.8752,13801.6154,-1941.75248,99.3345976
70630312,6,-77255.5873,75080.6645,-27187.6478,4354.24808,-260.034903
70630312,7,-299262.457,276189.031,-95196.061,14532.9882,-829.084381
70630312,8,-489957.86,430676.665,-141585.861,20646.654,-1127.03511
70630312,9,-2146133.44,1761690.58,-541417.079,73857.2567,-3774.07917
70630312,10,-3233559.26,2622343.72,-795440.382,106986.965,-5384.43449
70630312,11,-3580923.82,2820005.7,-831468.745,108805.574,-5332.3522
70630312,12,-937462.162,722201.598,-208269.123,26669.6126,-1280.09632
70640211,1,-115.748741,323.453794,-289.256485,106.691032,-13.1699148
70640211,2,975.310691,-776.764898,99.5271702,50.0860487,-10.3759108
70640211,3,-337.603055,484.452425,-266.153948,70.7371515,-7.24502025
70640211,4,-1159.60917,1595.42619,-809.138473,184.344243,-15.9211181
70640211,5,-2095.34657,3100.44546,-1695.32288,410.561357,-37.1335929
70640211,6,174.855457,-168.339018,33.2299806,13.3342107,-3.67198016
70640211,7,13409.9355,-19277.9898,10282.0822,-2404.40659,207.974882
70640211,8,-429.343276,374.926295,-129.639586,32.9258659,-4.46420228
70640211,9,-127745.811,161469.209,-76165.5516,15900.0392,-1239.8011
70640211,10,10113.1781,-13941.4896,7102.67632,-1577.83069,128.991013
70640211,11,12663.9049,-16827.4256,8287.18086,-1784.5549,141.720551
70640211,12,22338.0916,-28405.5012,13416.2358,-2780.54617,213.282011
70650211,1,-1316569.88,2741118.32,-2140147.96,742668.944,-96651.8879
70650211,2,3259883.09,-6499046.35,4854035.57,-1609591.77,199924.945
70650211,3,866953.657,-1851017.7,1480442.57,-525673.315,69918.6296
70650211,4,-2289474.76,4856117.59,-3861118.3,1363962.9,-180625.65
70650211,5,-80298.6945,164895.327,-126509.577,42983.3033,-5457.56341
70650211,6,-44825.1133,95114.8125,-75317.5349,26385.4644,-3451.06862
70650211,7,5775.15644,-10640.7262,7291.55915,-2198.92874,245.98593
70650211,8,-19015.8378,36219.1158,-25445.2829,7809.32805,-883.499287
70650211,9,-12037216.9,26321551.8,-21580227.6,7862274.67,-1073999.49
70650211,10,1502884.42,-3374816.39,2838441.05,-1059769.65,148207.515
70650211,11,-30075913.2,64074400.5,-51184256.5,18170289.1,-2418665.79
70650211,12,-2078280.08,4297183.38,-3330712,1146994.59,-148074.855
70660411,1,29872.1882,2358.65014,-601.082724,37.3577184,-0.375532001
70660411,2,-253138.123,53730.382,-3732.49839,109.616023,-0.894522952
70660411,3,-516142.932,98328.8465,-6127.73252,151.366225,-1.10740143
70660411,4,-164620.362,38758.9945,-2971.76646,94.0350843,-1.01535239
70660411,5,-73582.9139,22831.5519,-2418.12128,113.156481,-1.99983999
70660411,6,-51279.5519,16749.6639,-1835.9236,86.1943023,-1.35066677
70660411,7,-8192.54979,3501.16266,-561.240028,45.097372,-0.825183627
70660411,8,-114250.344,37050.8372,-4254.1399,207.429208,-2.9931183
70660411,9,-677537.109,165140.716,-14311.2416,523.798684,-6.20949014
70660411,10,-6448.81059,29676.8103,-3926.74533,176.43952,-2.06905824
70660411,11,767614.909,-105029.178,4833.93415,-71.6833619,0.330347795
70660411,12,-950328.843,181459.383,-11809.2611,314.805042,-2.65290554
70690712,1,212135907,-43338797.4,3305197.27,-111440.091,1401.13635
70690712,2,83123080.8,-17384660.3,1354151.93,-46490.9561,593.221752
70690712,3,41139197.5,-9327879.37,787146.257,-29240.431,403.183758
70690712,4,70963431.4,-17481929.3,1606793.08,-65243.316,987.119992
70690712,5,24681569.2,-6459746.69,630226.032,-27106.6136,433.262338
70690712,6,-52903518.3,13676611.5,-1320463.12,56501.8884,-904.969902
70690712,7,-8942464.19,1561391.51,-69508.6563,-846.376902,79.6705133
70690712,8,65325317.2,-18874824.8,2035740.54,-97072.9902,1726.28436
70690712,9,318570319,-86065786.1,8706122.77,-390710.943,6562.3262
70690712,10,141613688,-36294697.9,3478979.48,-147733.214,2344.22373
70690712,11,66291048.5,-15883208.4,1419134,-55972.4163,821.879811
70690712,12,103993596,-22257370.1,1776619.9,-62610.8901,821.576419
70700411,1,-3330.13338,2459.73775,-619.677071,64.9532828,-2.2446479
70700411,2,-6506.13223,5642.05952,-1705.08229,211.52224,-8.54272767
70700411,3,-2025.6182,1724.3192,-482.799461,53.0175227,-1.91788489
70700411,4,-1791.12801,2946.86345,-1808.82176,491.980363,-49.2153125
70700411,5,1636.23347,-1850.48051,761.074121,-128.973088,7.58963237
70700411,6,-566.304857,581.191119,-218.577368,38.0661839,-1.93322672
70700411,7,303.170193,-163.602167,-4.02040207,13.9610846,-0.994536425
70700411,8,637.325062,-538.027068,148.079929,-10.7091252,0.0675705462
70700411,9,-1459.30515,1426.77998,-485.022738,70.216199,-3.16390669
70700411,10,-2370.04171,2086.19203,-632.675463,80.5646966,-3.31994082
70700411,11,-595.627498,540.195876,-150.808365,17.9666461,-0.645268214
70700411,12,1901.79321,-1255.72572,310.202033,-31.0744923,1.11680226
70710311,1,5607597.98,-1260102.33,103963.291,-3702.10115,48.0790946
70710311,2,2944867.09,-663465.88,54396.6399,-1890.39057,23.4103384
70710311,3,6070616.33,-1445030.97,126798.701,-4830.0954,67.3655398
70710311,4,18245214.6,-4673320.96,444974.87,-18634.9856,289.523362
70710311,5,25269980,-6652147.81,651035.135,-28030.3663,447.660623
70710311,6,20193351.3,-5562709.75,570540.117,-25774.7316,432.352294
70710311,7,-2503911.17,574138.732,-47073.8998,1655.3686,-21.4890592
70710311,8,-100414292,27625071,-2843800.83,129904.716,-2222.62904
70710311,9,261152.225,-52192.7127,1267.8455,274.527928,-13.1243174
70710311,10,1415615.12,-390497.809,39080.6552,-1649.09515,24.5663487
70710311,11,3243273.79,-844247.84,80707.7865,-3327.60856,49.9334053
70710311,12,2509610.76,-603777.579,53239.4966,-2009.33372,27.416207
70740412,1,-552576.06,150684.132,-14786.4909,618.213325,-8.43359926
70740412,2,157588.538,17764.8622,-5549.01494,338.978373,-5.49043315
70740412,3,1483560.18,-236272.227,12010.1775,-169.397792,-0.448283522
70740412,4,-1571968.32,381491.797,-34061.7237,1346.1788,-19.1580342
70740412,5,693974484,-108875145,6377774.33,-165215.053,1596.43141
70740412,6,851463351,-131386515,7590206.55,-194421.573,1862.2255
70740412,7,114356969,-20311677.6,1330574.67,-38076.0865,401.953956
70740412,8,90057851,-14914729.4,916798.732,-24709.2423,246.191488
70740412,9,-297202797,41666666.7,-2175506.99,50221.69,-432.975524
70740412,10,-128852015,15458316.2,-684202.068,13306.48,-96.239412
70740412,11,-246093996,27231777.2,-1114725.08,20084.7019,-134.722014
70740412,12,-165563.078,60478.3886,-7835.87951,416.22089,-6.24642105
70750411,1,1046895.98,-1435729.41,737985.865,-168498.344,14418.2237
70750411,2,-16505.7491,39442.1419,-28892.5381,8563.72703,-900.909068
70750411,3,825545.94,-1115388.66,564607.346,-126904.183,10686.1749
70750411,4,380878.494,-511547.583,257448.857,-57536.1827,4817.48506
70750411,5,143224.015,-189992.908,94159.3027,-20648.2014,1689.77457
70750411,6,98725.3152,-130146.462,64010.7728,-13906.8802,1125.49711
70750411,7,9986.88863,-13736.6675,7013.10816,-1566.50081,129.059612
70750411,8,-14109.3846,16130.5932,-6822.52106,1273.33772,-88.8291587
70750411,9,-30949.6974,38272.0597,-17615.8589,3584.15445,-272.203616
70750411,10,-7366.84047,9461.85771,-4533.27122,967.186469,-77.6238529
70750411,11,-18722.2078,37931.1265,-25669.3476,7249.44736,-737.804263
70750411,12,574095.162,-729388.67,344283.546,-71429.2925,5483.18735
70760411,1,-252159.352,171762.443,-43027.3114,4712.4983,-190.108251
70760411,2,395.82824,36120.4003,-15425.4724,2175.86506,-100.883138
70760411,3,-32054.0517,30054.3667,-9178.60538,1157.05429,-51.4776502
70760411,4,173024.522,-95091.7623,19011.2248,-1622.3643,49.8801778
70760411,5,387699.761,-209785.112,41635.5508,-3572.46483,111.882873
70760411,6,447215.379,-227375.646,42599.2873,-3458.87492,102.349245
70760411,7,-51015.0139,14707.4458,-1077.8269,4.02523518,0.776504206
70760411,8,-2741744.54,1196818.26,-194931.391,14072.9372,-380.475306
70760411,9,750855.578,-375885.861,69689.1358,-5653.15099,169.305233
70760411,10,850465.135,-448104.684,87479.2644,-7476.31543,235.851206
70760411,11,-329029.544,200730.066,-45531.761,4556.8434,-169.23265
70760411,12,38215.7989,-14913.5489,1229.89173,123.715209,-14.377911
70770611,1,-28715285.2,53106008.3,-36825202.2,11347641,-1311113.93
70770611,2,672788.004,-1289104.31,924958.884,-294534.307,35117.1702
70770611,3,399244.935,-775716.52,564454.612,-182290.093,22044.0512
70770611,4,-223104.134,407344.748,-278376.053,84405.2424,-9581.75914
70770611,5,7023.16101,-10819.605,6220.48596,-1578.69885,149.084309
70770611,6,5458.16819,-7652.30318,3954.95943,-891.427417,74.0147587
70770611,7,1036.79776,-1311.36624,607.406029,-120.715546,8.75826082
70770611,8,752.966156,-914.525645,394.890527,-68.9111085,4.11121987
70770611,9,-957.085722,1327.66038,-668.10858,146.414385,-11.4459165
70770611,10,-1144.11268,1544.93474,-761.227964,165.002114,-12.9992091
70770611,11,646.577831,-907.26304,470.884744,-104.026628,8.35760287
70770611,12,4938.70555,-6397.91496,3034.40819,-623.252033,46.7682918
70780412,1,-1259.91137,1531.58787,-691.228074,138.629673,-9.63069095
70780412,2,-549.55016,713.067122,-348.413619,77.4878721,-5.82420263
70780412,3,-1049.42213,1153.6417,-470.268152,88.0380986,-5.99036669
70780412,4,4079.21499,-3722.45441,1203.27439,-154.993659,6.48757101
70780412,5,-5465.66861,6037.58963,-2480.52452,452.704518,-30.3232944
70780412,6,-49261.3579,42758.9591,-13914.2226,2022.90226,-110.755021
70780412,7,-223891.139,176466.559,-52186.1576,6882.85456,-341.831634
70780412,8,-2027.00019,2370.54971,-1046.72542,209.601186,-15.3461034
70780412,9,9949.56664,-8530.08832,2643.04057,-340.141504,15.1500482
70780412,10,428422.682,-336421.067,98293.6859,-12648.1391,604.64275
70780412,11,434978.216,-332713.933,94582.4903,-11827.0567,548.792309
70780412,12,9416.94364,-6980.70108,1597.36755,-99.292002,-2.31865127
70791112,1,330147003,-219022577,54471979.7,-6019202.36,249341.006
70791112,2,-23851517.2,14119668.4,-3095273.92,296927.734,-10472.2224
70791112,3,4588734.03,-3419322.14,945861.611,-115232.221,5221.36388
70791112,4,21476071.7,-15599260,4238827.92,-510703.84,23019.8304
70791112,5,88816.4413,-70509.1434,20245.9624,-2459.64142,105.211104
70791112,6,1772311.18,-1471408.12,455457.692,-62276.6182,3173.69284
70791112,7,-569623.045,512319.979,-172394.933,25730.015,-1436.66978
70791112,8,-461629.026,423273.438,-145131.185,22055.8094,-1252.64788
70791112,9,12219570.1,-10100899,3109746.16,-422924.338,21451.6918
70791112,10,6418739.97,-4891661.78,1394200.11,-176092.853,8314.82624
70791112,11,13348578.4,-9924123.94,2759880.19,-340251.701,15690.6103
70791112,12,89326983.7,-62118986.6,16186915.7,-1873158.04,81219.3333
70800212,1,-46.5714046,94.8922153,-44.7676414,9.77141441,-0.787962146
70800212,2,-4565.29578,6146.04913,-3001.94472,631.42834,-48.0854025
70800212,3,1936.97065,-2154.03357,883.460422,-156.959869,10.175386
70800212,4,-2828.70636,3896.2029,-1927.84242,407.283388,-30.9328365
70800212,5,-2245.6532,3067.14374,-1515.71798,323.846586,-25.3494068
70800212,6,-2897.54499,4354.48295,-2400.55236,579.12434,-51.6018105
70800212,7,-2673.44374,3894.45674,-2086.23895,490.086387,-42.3997939
70800212,8,-1906.29286,2826.13784,-1538.36906,368.135547,-32.4161545
70800212,9,-536.993271,779.983032,-425.056498,106.319787,-9.85923582
70800212,10,892.494922,-957.112391,345.155554,-41.0599023,0.486941499
70800212,11,-678.827311,1044.10115,-568.282642,134.050722,-11.4126557
70800212,12,106.732859,-176.097479,122.360154,-32.8082393,2.97339255
70810212,1,125.208894,-152.267423,59.3442185,-6.0886318,0.270489257
70810212,2,10.3179091,-23.8237753,14.5124914,-0.932952894,0.0758919647
70810212,3,167.999994,-216.933554,95.1104128,-14.0746557,0.685620921
70810212,4,713.520864,-1046.75659,543.161784,-114.190617,8.28039629
70810212,5,271.435197,-384.599334,187.389158,-33.9085438,1.99612304
70810212,6,146.306614,-224.412743,117.409207,-21.7031776,1.24742107
70810212,7,277.970601,-333.444669,133.023346,-17.8198073,0.848375295
70810212,8,145.395425,-189.088802,80.4726904,-10.4414732,0.463588542
70810212,9,-50.3555962,75.351734,-39.5428309,9.71898175,-0.408209216
70810212,10,-73.9007124,105.854062,-53.1099801,12.0085016,-0.474674051
70810212,11,-92.4935185,116.611828,-51.9154479,11.1471,-0.435203024
70810212,12,21.5011167,-25.0705863,6.8796989,2.08222297,-0.0803587967
70830611,1,15242.7493,-21761.7586,7720.91422,1111.30121,-720.049962
70830611,2,-84855.1605,198368.5,-173565.574,67380.001,-9793.53066
70830611,3,426239.85,-944975.09,784579.102,-289116.016,39896.1416
70830611,4,318874.43,-708075.175,588859.916,-217360.03,30045.6915
70830611,5,-38973.8258,83534.3964,-67078.3863,23928.2354,-3200.28638
70830611,6,13314.051,-29528.0475,24424.5002,-8922.08196,1213.94846
70830611,7,-163223.512,310460.464,-221135.811,69923.1171,-8282.86479
70830611,8,-2648585.45,4578551.71,-2966115.01,853478.21,-92037.8167
70830611,9,-10044782.2,16309086.4,-9926443.52,2684267.18,-272111.002
70830611,10,-17781.0145,37033.6067,-28750.1652,9857.6522,-1258.50685
70830611,11,-6015.2418,11611.8206,-8296.64776,2602.47324,-302.505325
70830611,12,99602.4556,-215061.824,173784.222,-62279.802,8351.41966
70840411,1,-722.27197,1059.39644,-315.276577,35.2833482,-0.779966093
70840411,2,-26469.6857,12257.2246,-1840.71511,103.89146,-1.92082573
70840411,3,-5459.71251,278.411177,591.621529,-106.166098,4.99373982
70840411,4,122053.247,-53417.4275,8384.83652,-541.537038,12.0985647
70840411,5,7358637.22,-2566786.57,333529.112,-19085.5677,405.258575
70840411,6,1518082.97,-687333.73,113422.315,-8086.82457,210.818526
70840411,7,7396101.98,-3057434.06,470814.193,-31968.0079,806.980724
70840411,8,1457982.69,-677744.492,116359.29,-8723.37164,241.028426
70840411,9,16562819.7,-6210768.13,870520.332,-54004.5708,1250.57456
70840411,10,361880.153,-64364.4113,3624.66248,-49.8043755,-0.594863231
70840411,11,39425.078,-13932.169,1646.83396,-64.9856014,0.918326642
70840411,12,-3946.56716,2434.61824,-537.575349,51.8787913,-1.0947512
70850311,1,-442.980403,788.936181,-383.461171,72.6209112,-3.94415596
70850311,2,-11750.8408,9732.9984,-2913.41424,374.151706,-16.8427304
70850311,3,851.46652,-1016.43824,416.462355,-64.5969976,3.37731012
70850311,4,3261.21047,-3506.3401,1332.50122,-205.579544,11.0163729
70850311,5,339.071484,-281.676218,59.1274034,4.85356177,-1.04414076
70850311,6,-2616.85129,2679.40113,-1010.92175,168.111065,-9.67216128
70850311,7,-5569.06735,6870.42596,-2730.00334,444.260374,-24.7480877
70850311,8,-24607661.2,12581031.4,-2406600.75,204176.306,-6483.39346
70850311,9,-34878000,17210238.7,-3177393.56,260183.349,-7974.36686
70850311,10,-9564696.66,4352649.85,-738596.781,55423.5102,-1552.46431
70850311,11,-4301705.31,1852099.98,-295641.506,20775.4154,-542.992594
70850311,12,25052.971,-13689.4836,2545.6493,-175.71858,3.65581228
70860611,1,117611.734,-168391.548,85482.4574,-18554.2638,1467.68119
70860611,2,-509859.463,529468.102,-205767.275,35494.3974,-2294.434
70860611,3,-47329.1399,37728.3521,-9744.87732,765.039625,13.2481282
70860611,4,12780.7136,-19591.198,10068.9478,-2139.16029,162.015242
70860611,5,126893.014,-134038.116,52704.0078,-9129.54646,587.70186
70860611,6,24160.6023,-24650.1361,9280.48067,-1515.97369,90.4340934
70860611,7,-13341.744,11092.7929,-3356.35132,444.912343,-21.9649825
70860611,8,2513.72354,-2878.71882,1161.07516,-190.261557,10.9579386
70860611,9,206.905482,-159.524948,36.2126297,4.42320243,-0.954855474
70860611,10,-7416.0131,7285.47049,-2596.70464,403.941961,-22.9072526
70860611,11,-70521.8663,64689.6716,-21941.5936,3268.29796,-180.482712
70860611,12,-149093.392,154995.292,-60130.6479,10332.2395,-664.102468
70870111,1,377015.914,-148272.692,21339.7828,-1309.85011,28.9754657
70870111,2,18230.758,-7379.53167,1000.13494,-36.1516611,-0.0713157666
70870111,3,-216053.242,63293.8029,-6552.541,297.463938,-5.05932347
70870111,4,-174495.512,42649.6948,-3487.61242,122.117443,-1.54639084
70870111,5,35173.2104,-10800.4737,1032.43073,-19.2166366,-0.147427157
70870111,6,-1520.90416,2567.54056,-676.531287,68.0892241,-1.51424753
70870111,7,818041.699,-170958.656,12360.7715,-338.341166,3.08821115
70870111,8,56835.4906,-11486.4974,578.12959,12.6648209,-0.24975764
70870111,9,-2985.18557,-155.004001,11.4025074,14.4341799,-0.112303943
70870111,10,3969.98172,-578.127755,-80.2145299,21.6140961,-0.230087638
70870111,11,-43122.1095,10805.2082,-943.662476,44.6575651,-0.574081141
70870111,12,-41926.7082,3965.15845,964.108732,-121.207882,3.47618073
70880111,1,-80675.8959,38075.3833,-6578.44726,506.662979,-14.7600105
70880111,2,58430.4781,-25691.2673,4182.98184,-287.84622,7.06580441
70880111,3,-53910.0558,23368.8405,-3570.64782,234.884238,-5.55311838
70880111,4,-378385.88,174715.691,-29718.1553,2223.86373,-62.0063461
70880111,5,5314.71638,-4110.18869,944.346663,-71.6631611,1.6935051
70880111,6,-32695.8957,13509.4872,-1980.95436,129.044922,-2.85598496
70880111,7,102348.651,-38914.2767,5239.717,-278.305611,4.95794572
70880111,8,14651.6164,-4132.84867,333.46708,1.44468654,-0.0435349273
70880111,9,-11532.6171,2883.06754,-136.324392,0.776091067,0.0534270428
70880111,10,11663.3089,-3907.93771,400.774392,-4.19713114,-0.254884523
70880111,11,599.488665,-68.3547994,-3.432111,6.37342772,-0.0694038211
70880111,12,-72642.0544,33665.3868,-5640.04169,415.331941,-11.3510806
70890211,1,186.79979,-946.386112,824.533239,-252.170243,25.6737125
70890211,2,7189.47601,-10287.3926,5461.04937,-1267.29448,108.357267
70890211,3,707.438575,-1622.41284,1133.88166,-309.925299,29.2286497
70890211,4,-3101.1839,3595.44252,-1542.22478,297.751228,-22.060407
70890211,5,-6159.10324,8075.61216,-3974.56053,873.904621,-71.8846471
70890211,6,-20790.3823,27211.6015,-13252.4969,2849.44531,-227.784966
70890211,7,-2675.8047,3809.70526,-2025.87279,480.703812,-42.4723171
70890211,8,-2024.86549,2807.79726,-1467.39155,346.852305,-30.8701806
70890211,9,785.745724,-1180.20883,614.479538,-127.046212,8.89925721
70890211,10,9913.36456,-13437.4104,6700.15705,-1449.47601,114.949089
70890211,11,5819.04313,-7564.23754,3588.75194,-728.466815,53.2684528
70890211,12,6871.18965,-9386.74019,4743.8021,-1045.08722,84.718511
70900211,1,1041.05588,-1000.69545,328.351721,-39.732938,1.63374389
70900211,2,105.354453,-26.1678462,-17.7228046,8.0888304,-0.550777273
70900211,3,-228.767699,467.316133,-249.150129,49.225107,-2.94939854
70900211,4,-1774.40737,2061.27735,-781.422165,111.637657,-5.1184663
70900211,5,2776.37479,-2254.27364,581.055633,-49.794477,1.32648046
70900211,6,1905.95931,-1553.30987,424.919354,-44.417296,1.62693201
70900211,7,47.4127664,45.6659564,-43.8130768,11.2096227,-0.593698517
70900211,8,803.758885,-603.617563,143.520668,-9.23775545,0.10595966
70900211,9,207.895127,-132.805068,13.7216372,6.56662921,-0.640972003
70900211,10,-63.3063547,295.416026,-203.727651,49.2532927,-3.27010073
70900211,11,-357.848697,601.106902,-313.857865,64.4183811,-3.82429131
70900211,12,-555.233963,667.874219,-284.593503,51.9743328,-2.89264772
70910711,1,-45372.4014,41453.4854,-13951.3187,2055.40163,-111.836057
70910711,2,-56426.7486,50579.8651,-16716.7914,2421.20805,-129.730831
70910711,3,1286.37769,-1507.30359,628.507584,-106.103688,6.28155153
70910711,4,2531.41557,-2843.61659,1179.28795,-209.094479,13.419098
70910711,5,-15163.9081,18134.5411,-8009.18189,1555.12565,-112.326022
70910711,6,-25719.6088,30638.1163,-13527.3627,2630.98409,-190.505855
70910711,7,-4748.82364,5149.72734,-2036.5069,353.21756,-22.767872
70910711,8,746.098259,-1985.38533,1233.14605,-278.700816,21.1338186
70910711,9,-153127.581,135840.293,-44659.8621,6456.38257,-346.496263
70910711,10,-100059.567,88298.5888,-28841.9049,4139.0494,-220.285119
70910711,11,-16543.9643,15541.4974,-5339.17907,801.155362,-44.3482559
70910711,12,18441.6632,-16332.9002,5454.40119,-806.188207,44.3021743
70920411,1,11063.6471,-12910.3831,5564.21755,-1044.53072,72.1054
70920411,2,24554.1592,-29515.6652,13153.7884,-2568.87026,185.393445
70920411,3,-14958.7268,19350.6336,-9219.96878,1919.42218,-147.063495
70920411,4,-4955.21205,6642.18504,-3268.42457,702.576784,-55.5281618
70920411,5,-6417.35394,8708.6936,-4333.66305,939.85452,-74.901464
70920411,6,-867.909832,1003.46306,-387.278445,57.3391276,-2.34537571
70920411,7,4566.31803,-6490.57009,3440.05001,-799.756164,68.6055763
70920411,8,7358.55287,-10237.9432,5281.96719,-1191.38413,99.0209674
70920411,9,1723.9816,-1977.14788,816.780449,-138.028539,7.71200167
70920411,10,3798.14682,-4202.62059,1673.78139,-276.793714,15.5690276
70920411,11,1797.39457,-1295.96973,144.99151,69.8780967,-13.0955472
70920411,12,5208.76322,-5598.19227,2179.38709,-357.213382,20.4664504
70930611,1,28105.0607,-45489.2043,27338.1663,-7221.92331,706.972949
70930611,2,39245.5057,-64388.8627,39431.9808,-10680.5328,1079.52562
70930611,3,-244304.098,445660.179,-303880.175,91800.0255,-10367.4676
70930611,4,-60284.9037,112359.126,-78209.2838,24103.0008,-2775.54884
70930611,5,-52779.6937,103968.28,-76498.816,24924.4423,-3034.63653
70930611,6,321987.674,-694290.953,560943.684,-201243.732,27048.1963
70930611,7,1698.7634,-5067.41439,5218.64806,-2259.76755,352.541595
70930611,8,-40208.6192,86379.8366,-69520.0447,24853.9794,-3331.35588
70930611,9,-2389.36232,5531.58892,-4619.16597,1670.99386,-222.584596
70930611,10,9424.11132,-17831.8715,12725.2185,-4054.67295,486.209294
70930611,11,-10951.2169,21336.6925,-15403.5835,4891.09202,-576.889459
70930611,12,17743.3929,-28645.763,17119.6343,-4478.50552,431.710696
70940211,1,18535878.5,-34923354.8,24673062.4,-7746737.44,912043.13
70940211,2,1024302.27,-1873482.28,1284692.77,-391422.838,44708.3841
70940211,3,951499.747,-1692466.68,1127546.64,-333445.444,36931.3564
70940211,4,717642.467,-1299483.56,881690.452,-265654.235,29990.0522
70940211,5,253430.576,-473345.743,331454.317,-103116.513,12024.402
70940211,6,6101186.56,-11827566.6,8595739.53,-2775626.63,336000.662
70940211,7,16388235.4,-31640828.2,22903925.5,-7367200.51,888459.215
70940211,8,896304.113,-1664634.98,1154755.53,-354435.882,40589.79
70940211,9,189393668,-388593724,298955702,-102208049,13102211.4
70940211,10,124203761,-249494698,187935347,-62916087.2,7898309.33
70940211,11,116550158,-228697311,168285453,-55037027.7,6749931.79
70940211,12,-191743719,368535814,-265612676,85077570.3,-10218631.6
70950412,1,-38358120,57466463.2,-32277326,8055570.36,-753750.902
70950412,2,-433100530,655820543,-372386633,93972885.1,-8892515.65
70950412,3,-28896467,43110401,-24111275.7,5991674.56,-558190.786
70950412,4,134922.977,-180354.755,90338.2455,-20091.6706,1673.75459
70950412,5,-123546.64,180594.755,-98454.4778,23745.1131,-2138.85596
70950412,6,87066.0735,-112429.368,54315.0748,-11626.3777,929.973387
70950412,7,10054.2737,-11363.8715,4785.56392,-886.857114,60.952543
70950412,8,22405.0865,-28215.3518,13290.4985,-2767.1873,214.57427
70950412,9,-36479.7701,46399.2834,-21892.3676,4547.14814,-351.03434
70950412,10,59341.0393,-75766.9631,36002.2398,-7525.59753,582.202227
70950412,11,-305113.627,426434.582,-222950.744,51691.3459,-4484.99583
70950412,12,-461365.801,727142.468,-425522.026,109762.58,-10543.2594
70970612,1,-8068303.28,2239418.36,-230803.722,10508.2264,-178.359919
70970612,2,174706.076,-54729.1271,5782.55767,-215.214959,1.80489792
70970612,3,-8703.39555,5683.91271,-1369.82584,145.723679,-4.90542914
70970612,4,-35115.6353,20228.5776,-4215.43286,377.809169,-11.539619
70970612,5,-2877.47261,2219.63264,-619.440859,76.4990421,-2.74932094
70970612,6,-26564.6643,15090.2346,-3172.56765,296.187394,-9.63109883
70970612,7,-26713.5612,16509.2746,-3742.16605,369.293036,-12.4604593
70970612,8,-154992.636,77309.8473,-14053.3666,1111.77941,-31.5804894
70970612,9,-50473.2488,28584.2902,-5893.35645,523.836435,-15.9936302
70970612,10,-13285.0591,6717.59935,-1287.29157,117.635905,-3.61874679
70970612,11,-379632.128,126774.349,-15675.1415,867.580475,-17.9028735
70970612,12,-1693781.26,513693.857,-57018.193,2786.84878,-50.6838142
70980412,1,-24488.1924,21259.1376,-6777.70547,944.107963,-48.1887399
70980412,2,-25338.3809,22810.8751,-7489.56688,1067.79031,-55.5717189
70980412,3,-28926.5535,24831.6473,-7815.57578,1073.54834,-54.1539918
70980412,4,-3153.08267,2956.80356,-1034.07717,165.101481,-9.7631655
70980412,5,-2204.97223,2290.62279,-898.676247,161.420547,-10.5490516
70980412,6,-3117.96679,3686.04662,-1587.57403,298.661573,-20.0043851
70980412,7,-10021.7668,9839.64052,-3576.36563,573.061212,-33.563849
70980412,8,-12195.4516,11519.9961,-4089.7914,648.377141,-37.8559964
70980412,9,-4095.69594,4395.52043,-1734.45881,301.300388,-18.8757229
70980412,10,-18099.561,16838.9222,-5770.48685,867.667052,-48.0073644
70980412,11,-18969.7222,17437.2916,-5915.63505,881.794013,-48.2865665
70980412,12,-8573.23187,7635.42431,-2531.41758,374.994302,-20.5319329
70990312,1,17349710.6,-1676787.79,56918.8292,-752.719245,3.3740172
70990312,2,38471899.5,-4588006.59,197743.53,-3591.20384,23.2341501
70990312,3,-12128494.6,2039023.53,-128544.637,3613.25856,-37.403608
70990312,4,-4779834.7,371761.648,-8736.9653,92.9549508,-0.377479594
70990312,5,2205808.86,-187630.909,4017.62379,38.4103969,-0.568824738
70990312,6,-14639527.6,1560871.75,-60337.3042,1010.90851,-5.46840898
70990312,7,-10417816,1071318.68,-41140.6205,718.524172,-4.06179241
70990312,8,-832199.008,318676.82,-20270.0781,471.101085,-2.99335747
70990312,9,-8605147.69,932776.988,-35188.4043,564.109777,-2.91528619
70990312,10,3605597.55,-395468.215,14781.3317,-180.191617,0.718915596
70990312,11,-3.78787879e+09,274579125,-7415277.78,88557.9786,-394.873413
70990312,12,4.64320626e+09,-413978495,13777370.5,-202684.716,1111.74822
71000412,1,-217758.589,217156.649,-52288.8904,4795.45882,-151.306541
71000412,2,4054401.02,-1544317.56,216869.221,-13268.9498,298.187136
71000412,3,-1000508.08,473704.647,-83295.2992,6451.41647,-184.974024
71000412,4,-149404.378,136520.894,-34541.1778,3425.86266,-117.861946
71000412,5,9667237.62,-3927070.38,592449.171,-39296.2881,966.53741
71000412,6,-2102645.54,1005460.53,-179617.903,14213.9143,-419.765191
71000412,7,-11107204.8,5058767.72,-861834.389,65109.046,-1840.12315
71000412,8,-28929118.2,12741592.5,-2102084.92,153972.164,-4224.4473
71000412,9,-717023.394,385860.062,-77200.1622,6803.94181,-221.899015
71000412,10,-1423545.27,699796.474,-128121.076,10356.449,-311.12109
71000412,11,1142512.9,-416057.64,53503.6987,-2766.07911,44.3331193
71000412,12,1819549.67,-681221.486,92956.6636,-5427.10422,113.373258
71010312,1,-764.677767,2019.54382,-1485.05648,428.921283,-43.3041533
71010312,2,15921973.7,-26478731.3,16508402.1,-4573033.25,474905.311
71010312,3,-318373.897,495639.843,-288664.64,74556.8476,-7206.62374
71010312,4,1986.4301,-1887.74109,639.592705,-90.6387343,4.61272045
71010312,5,-400.726321,441.593275,-166.635388,28.139569,-1.68951237
71010312,6,551.700361,-493.558206,151.329944,-15.8423542,0.525969658
71010312,7,-437.116079,485.905044,-202.573747,40.1779339,-2.63806
71010312,8,-2786.42485,3032.54785,-1197.23106,203.535782,-11.735167
71010312,9,-585.198046,771.698689,-362.012534,72.3180209,-4.47922678
71010312,10,516.350372,-424.649791,117.785419,-10.7491986,0.339816323
71010312,11,623.363847,-594.275545,198.19612,-24.5305886,1.02443205
71010312,12,2276.49844,-2616.41417,1101.09283,-198.498393,13.011564
71030712,1,-628638.517,160582.725,-15053.5927,625.660328,-9.21852911
71030712,2,-854687.929,191883.425,-15535.8276,553.51206,-7.1390213
71030712,3,48533.9069,-17915.0547,2303.06668,-103.714709,1.53418849
71030712,4,125.700462,129.149539,-115.74454,24.7198341,-0.704742654
71030712,5,-277.719398,313.353905,-117.948396,18.3050878,-0.278324246
71030712,6,-436.758512,431.197758,-140.056377,17.5901077,-0.117118725
71030712,7,26.4898648,23.3234237,-26.7680647,7.89585401,-0.0495162386
71030712,8,-154.870264,211.879327,-93.9900477,17.0584525,-0.18770597
71030712,9,-89256.4674,12481.2286,-490.966889,19.3516015,-0.131564849
71030712,10,1622441.34,-346980.704,26453.2012,-822.541713,8.97096016
71030712,11,243787.137,-26997.4185,-802.821314,178.711767,-4.29316098
71030712,12,1987845.87,-386097.16,26231.8627,-704.032127,6.26903888
71040711,1,8135995.91,-9006208.64,3735488.41,-688008.677,47476.829
71040711,2,7094758.62,-7829541.22,3237860.8,-594657.907,40922.3753
71040711,3,4631657.88,-5174190.86,2166291.6,-402819.735,28067.9018
71040711,4,2477394.02,-3003190.38,1363507.3,-274764.661,20733.7128
71040711,5,-1807243.44,2195406.55,-999127.48,201917.017,-15290.6286
71040711,6,-194780.281,237484.85,-108117.177,21794.2559,-1641.92229
71040711,7,-123380.339,158546.934,-76039.5243,16140.9702,-1279.92624
71040711,8,-42220.5696,54127.4027,-25906.1507,5496.40298,-436.567259
71040711,9,453853.566,-572129.798,270007.573,-56520.4445,4426.99644
71040711,10,238179.072,-283032.732,125241.413,-24422.9437,1768.48271
71040711,11,891127.553,-1048012.36,461411.244,-90106.6707,6584.06834
71040711,12,2686275.96,-3004699.47,1258985.54,-234173.623,16312.5458
71050411,1,-525475.543,173198.303,36483.1718,-18745.0727,1745.56023
71050411,2,437238.593,-355830.002,107648.688,-14280.5197,696.732327
71050411,3,-1613388.93,1481032.47,-509364.66,77824.9577,-4458.26433
71050411,4,-425931.881,350468.087,-106915.632,14354.2616,-716.38607
71050411,5,78958.0512,-50844.0394,12093.4538,-1252.4798,47.415382
71050411,6,60186.0794,-43670.1734,11759.9617,-1382.16546,59.7646698
71050411,7,47810.8517,-31691.0383,7641.94033,-779.055319,28.0446068
71050411,8,49969.1423,-35882.7065,9380.74471,-1046.47575,42.1033766
71050411,9,-68250.4683,52302.8816,-14755.3653,1822.75962,-83.1656855
71050411,10,-97899.8116,74021.5421,-20598.6398,2504.60753,-112.119326
71050411,11,-140555.604,111379.489,-32283.1574,4060.13071,-186.638045
71050411,12,8618.59852,-943.043313,-952.511612,231.911346,-14.3872862
71070311,1,248305.252,-250426.021,94274.4061,-15683.5598,972.401675
71070311,2,200428.944,-209031.212,81258.1373,-13938.8751,889.919266
71070311,3,-10073.6162,3460.12235,1167.06037,-580.835645,58.1016286
71070311,4,-289955.888,252633.073,-81855.3907,11700.4022,-622.970398
71070311,5,-19871.0858,13593.6847,-3298.63983,339.533501,-12.5118572
71070311,6,-2143.66307,1566.51682,-365.43512,35.718994,-1.1160511
71070311,7,-5659.24038,3235.45513,-625.839851,51.4666881,-1.27096062
71070311,8,519.810332,88.668184,-94.8042159,21.1747329,-0.785026378
71070311,9,-2058.38241,1275.55241,-282.774792,30.7765443,-0.937955591
71070311,10,-6490.03718,4562.93167,-1083.516,102.918312,-3.11201268
71070311,11,90056.869,-94884.8661,37107.7128,-6370.61881,404.884207
71070311,12,151951.472,-158481.925,61504.2507,-10512.2357,667.492364
71090711,1,-869.939281,629.890781,-149.432211,16.9911704,-0.568499979
71090711,2,1482.21065,-705.315242,112.768242,-4.23902558,-0.121970554
71090711,3,31375.201,-34805.0842,14290.6668,-2562.26337,169.026931
71090711,4,-10183.3209,8063.14821,-2205.72868,242.373925,-8.44255122
71090711,5,3998.47694,-3089.32288,842.095604,-89.2166582,3.21774385
71090711,6,-1645.49674,944.562605,-213.96986,27.3569772,-0.831488068
71090711,7,-13539.9027,5146.45686,-752.874822,57.7761243,-1.26744776
71090711,8,1131933.32,-208770.122,13294.2164,-311.769956,2.06345033
71090711,9,39529818.3,-6053057.4,340265.694,-8272.37614,73.4404081
71090711,10,2152827.31,-318906.105,16383.8527,-315.579651,1.95055207
71090711,11,1238.58304,-209.391815,-83.4503425,22.4057887,-0.516021052
71090711,12,1502.82973,-577.95107,44.2645443,6.15749762,-0.169791337
71100411,1,9225468.93,-2058953.14,168838.223,-5986.63264,77.4979421
71100411,2,66999743.4,-13630534,1030015.55,-34183.0953,419.892491
71100411,3,-1068409.42,271108.607,-26583.1732,1207.91287,-20.6455435
71100411,4,2554642.47,-678604.536,65402.9361,-2680.06615,39.5430707
71100411,5,910068.966,-248835.188,23462.176,-884.255984,11.4528802
71100411,6,581779.281,-160413.2,15351.685,-583.084952,7.62889204
71100411,7,269321.723,-53638.4754,3476.60217,-62.5141304,0.242305848
71100411,8,-344959.151,50162.8033,-2592.32075,79.6235725,-0.857489687
71100411,9,-1116832.66,180147.169,-9931.17479,237.149702,-2.01027462
71100411,10,1319154.24,-336975.307,30781.2179,-1161.08401,15.3628325
71100411,11,1305679.72,-434204.032,46839.5972,-2018.69686,30.2504037
71100411,12,12019039.2,-2683352.18,221230.015,-7934.44725,104.419991
71110311,1,-60087.8386,88554.0497,-48700.0294,11854.7055,-1078.39669
71110311,2,-180256.607,271221.001,-152721.526,38155.4865,-3569.52808
71110311,3,-74321.83,121831.169,-74080.0909,19845.1429,-1979.07284
71110311,4,47295.1865,-69530.3095,38275.1669,-9339.54746,851.718336
71110311,5,-166146.68,256270.885,-148084.491,37999.7831,-3653.40426
71110311,6,-14333.7334,24470.9417,-15542.4287,4360.77157,-455.84148
71110311,7,55575.3212,-82683.7063,45917.818,-11270.4489,1031.19294
71110311,8,100022.961,-147413.849,81140.4164,-19757.3858,1795.27542
71110311,9,278040.108,-403217.127,218661.878,-52537.6526,4718.2836
71110311,10,-148657.979,231469.473,-134930.455,34906.4243,-3381.20085
71110311,11,-92244.0525,137416.518,-76482.0646,18859.728,-1739.22628
71110311,12,-41692.0566,62964.2487,-35363.6777,8763.04923,-808.988739
71140711,1,-25282.5341,36856.0462,-20005.4305,4796.14625,-428.422372
71140711,2,12960.0059,-19021.9374,10399.0228,-2502.54361,223.514586
71140711,3,766.861347,-1279.94857,784.189913,-204.994759,19.4228242
71140711,4,1211.59015,-2239.27762,1532.41294,-454.084878,48.9272394
71140711,5,-6772.1861,13041.4425,-9361.14826,2974.72701,-353.412059
71140711,6,17674.2834,-32117.5871,21539.0201,-6290.81833,671.726834
71140711,7,-276.933854,1247.00966,-1503.32778,708.564066,-116.087645
71140711,8,-79971.5752,129486.968,-78325.9707,20988.1442,-2102.85409
71140711,9,1121.75803,-2261.34419,1617.81845,-486.516007,52.4112124
71140711,10,1506.59284,-2657.17918,1718.42802,-478.699033,48.6085751
71140711,11,1318.53349,-2265.92428,1430.75544,-388.885459,38.495254
71140711,12,-12005.3832,17682.7676,-9692.66401,2348.39386,-212.225824
26563,1,208918.991,-52382.1032,4282.4746,-109.948006,0.583038239
26563,2,210398.652,-55085.7308,4903.32437,-155.026705,1.52896539
26563,3,131571.716,-26255.3371,1634.89801,-17.0917366,-0.362794191
26563,4,0,164668.14,-34376.8758,2358.35687,-53.037605
26563,5,39386.8246,-33822.5193,10688.0032,-1463.62932,73.1941239
26563,6,-11670.4642,5643.94563,-976.54437,81.0479715,-2.67996801
26563,7,-126207.944,59326.5321,-10241.3987,780.218096,-22.0143354
26563,8,-87711.9697,40004.3338,-6780.47475,521.330945,-15.3062065
26563,9,-559930.846,364412.875,-88388.8097,9480.62038,-379.292156
26563,10,88118.3656,-52035.0564,11309.1024,-1058.12289,35.8500039
26563,11,8025.33598,-3194.27378,374.500118,-3.29254709,-0.426324435
26563,12,2333020.62,-556083.589,47711.6579,-1702.09658,21.0533057
