2006:TX:SCAN,50,10,226.4074794,-269.9312859,100.5787901,-9.658090952,0.252258593
2006:TX:SCAN,50,11,130.1134005,-148.1262676,49.13736295,-1.700492659,-0.127388654
2006:TX:SCAN,50,12,85.01246691,-78.91775643,15.9423479,3.946955577,-0.423935041
2006:TX:SCAN,100,1,-3625.083686,5426.647568,-2993.108769,721.3851299,-63.27908761
2006:TX:SCAN,100,10,3146.058491,-3986.293077,1767.106036,-316.6709237,19.08813376
2006:TX:SCAN,100,11,-1995.695715,3243.319489,-1945.786126,510.4219263,-48.43017559
2006:TX:SCAN,100,12,1697.968235,-2161.097871,956.5582854,-167.6927014,9.824405603
2006:TX:SCAN,100,9,42711.36455,-48746.24958,20562.1662,-3786.870765,256.6591002
2006:TX:SCAN,20,7,127.4755709,-158.488858,63.12571609,-5.886140185,0.044997353
2006:TX:SCAN,20,8,109.5055563,-151.1317783,67.03483729,-8.058401398,0.315273736
2006:TX:SCAN,20,9,293.4850928,-343.0296286,133.5093075,-16.43623884,0.587110317
2006:TX:SCAN,20,10,178.0378715,-230.8304685,96.2947496,-11.55372838,0.378128306
2006:TX:SCAN,10,1,-222.4703016,228.4204494,-82.30967906,15.1953757,-0.838661992
2006:TX:SCAN,10,2,-221.799071,217.9825145,-71.43411531,11.87802706,-0.608749368
2006:TX:SCAN,10,3,-54.54683286,28.88267063,1.205415947,0.981328575,-0.077554385
2006:TX:SCAN,20,1,-409.2533413,517.6161061,-229.8382265,44.50178185,-2.879813317
2006:TX:SCAN,20,2,-476.8714776,612.3572477,-271.2314781,50.82055492,-3.211642148
2006:TX:SCAN,20,3,-420.6606604,536.8204851,-239.1192204,46.31432682,-3.142045689
2006:TX:SCAN,20,4,-55.52125574,74.53007901,-38.0226582,11.54570329,-1.073614213
2006:TX:SCAN,20,5,112.5760926,-142.0511721,55.50772236,-4.230362169,-0.065336834
2006:TX:SCAN,20,6,92.472465,-122.6432071,51.92225799,-4.866287184,0.021942264
2006:TX:SCAN,5,1,-368.4395971,365.2011362,-121.9473566,18.27123782,-0.713252106
2006:TX:SCAN,5,2,-214.6400513,201.6490621,-60.8889146,9.126273664,-0.3326393
2006:TX:SCAN,5,3,-109.9765217,89.21547194,-20.7579225,3.766158268,-0.090237497
2006:TX:SCAN,5,4,-78.42192174,62.06265166,-16.27387479,4.187030725,-0.030049067
2006:TX:SCAN,5,5,156.1798548,-160.3483952,48.34903624,-1.502167637,0.08728366
2006:TX:SCAN,5,6,119.6064189,-137.6685938,46.63671631,-2.03569295,0.07792957
2006:TX:SCAN,5,7,72.32318213,-91.87678631,33.09789504,-0.866488668,0.065699588
2006:TX:SCAN,5,8,202.962257,-188.7685562,52.79332686,-1.50902394,0.067181304
2006:TX:SCAN,5,9,135.4678143,-139.2757121,41.89226012,-0.718466202,0.02810936
2006:TX:SCAN,5,10,173.1316864,-183.92722,57.81784731,-2.514436434,0.067926597
2006:TX:SCAN,5,11,-30.55417446,37.91196019,-18.24365989,6.01942578,-0.177732799
2006:TX:SCAN,5,12,-159.749253,161.8105628,-54.08345535,9.194260329,-0.250190912
2006:TX:SCAN,50,3,-200.5429452,274.1019143,-130.4852236,27.25147101,-1.772253526
2006:TX:SCAN,50,4,-346.6029435,480.3627211,-234.1153552,49.00639155,-3.339181368
2006:TX:SCAN,50,5,-0.837459516,17.812071,-22.6533004,11.03202973,-1.049042351
2006:TX:SCAN,50,6,439.5253052,-485.6303254,178.752954,-21.55181886,0.752410205
2006:TX:SCAN,50,7,328.044729,-413.3798269,172.8293362,-24.32267893,1.09263155
2006:TX:SCAN,50,8,521.3957438,-622.0828306,251.3642406,-36.25447586,1.727090627
2006:TX:SCAN,50,9,314.1625079,-389.605878,156.7594291,-19.91538871,0.805736863
2006:TX:SCAN,20,12,199.7822167,-246.8700758,103.7104028,-14.2122704,0.625709769
2006:TX:SCAN,100,6,-11776.79813,15859.79474,-7970.542654,1774.089567,-146.9109956
2006:TX:SCAN,100,7,-328.3974253,827.1507967,-655.6701501,211.3254272,-23.20160436
2006:TX:SCAN,100,8,8111.12214,-9249.555005,3801.415482,-653.6751705,38.90736623
2006:TX:SCAN,10,5,209.2570393,-202.7118635,55.3814335,-0.264404865,-0.207207468
2006:TX:SCAN,10,6,306.8834877,-333.4469981,113.5076815,-9.785762579,0.175661705
2006:TX:SCAN,10,7,535.2073207,-540.104241,178.711425,-18.36071917,0.608246974
2006:TX:SCAN,10,8,508.915096,-471.4961096,141.5010259,-11.65642186,0.293947305
2006:TX:SCAN,10,9,418.6512192,-424.6772545,139.7006715,-13.18639013,0.394148958
2006:TX:SCAN,10,10,464.4998451,-478.1297364,154.0544347,-13.49557063,0.312147638
2006:TX:SCAN,10,11,72.20780487,-65.99892563,12.47710075,4.139599545,-0.36083603
2006:TX:SCAN,10,12,-269.0982292,304.0131221,-123.7062452,23.97718505,-1.361594914
2006:TX:SCAN,20,11,181.0097699,-249.6283139,116.4358816,-18.42794169,0.972673294
2006:TX:SCAN,10,4,64.94741222,-66.8893787,18.32343572,2.175476072,-0.226952517
2006:TX:SCAN,100,5,-3224.096979,4842.539041,-2687.457007,655.4898085,-58.68044338
2006:TX:SCAN,100,3,-3236.568833,4843.115057,-2668.743804,642.868569,-56.44928277
2006:TX:SCAN,50,1,-256.6333888,346.3194026,-163.9766826,33.5433465,-2.033801633
2006:TX:SCAN,50,2,-217.5784202,289.7415538,-133.7832849,26.85777893,-1.64413735
2006:TX:SCAN,100,4,-4080.489797,6103.206126,-3362.206766,809.9248257,-71.36144706
2006:TX:SCAN,100,2,-3283.55899,4932.864351,-2726.661988,658.0626183,-57.7296244
2016:TX:SCAN,5,4,-87.99495838,-28.79066954,25.91205278,0.491069879,0.018850521
2016:TX:SCAN,10,4,47.99868101,-145.3998245,62.44457057,-3.873130572,0.077035507
2016:TX:SCAN,5,11,-549.2326261,343.0135738,-61.9432709,5.933406022,-0.03122189
2016:TX:SCAN,50,5,-522.8036628,414.2476841,-112.6792474,17.03083062,-1.037971725
2016:TX:SCAN,50,6,-73.32000711,-16.2500787,34.32227334,-4.458050968,0.148367166
2016:TX:SCAN,100,10,-72.31605221,113.6060103,-43.48235721,6.95880942,-0.28607461
2016:TX:SCAN,50,10,-679.3880043,604.5771173,-187.5949995,28.0954034,-1.53412736
2016:TX:SCAN,50,11,-726.184442,627.8028051,-177.5269024,22.19057518,-1.055057701
2016:TX:SCAN,50,12,-1778.750965,1857.663847,-690.1456528,112.1069519,-6.745674874
2016:TX:SCAN,50,9,-2716.483814,2435.93063,-801.1991905,118.4285471,-6.217075061
2016:TX:SCAN,5,8,-728.639921,391.9162717,-78.32089057,10.90823498,-0.133692352
2016:TX:SCAN,5,9,-254.4524297,155.8812924,-36.56915818,7.401171607,-0.062987617
2016:TX:SCAN,5,12,-514.3982929,342.8339171,-65.60758498,5.858679599,-0.030587616
2016:TX:SCAN,100,9,35.38695641,-14.11815091,8.292877984,-0.848987302,0.046954115
2016:TX:SCAN,50,4,-986.7314692,774.428983,-186.2612349,16.71476692,-0.388186857
2016:TX:SCAN,10,11,167.8606565,-244.6197772,103.1159249,-11.56664155,0.361275919
2016:TX:SCAN,50,7,-361.9325083,373.517836,-150.170495,31.02382038,-2.045268068
2016:TX:SCAN,50,8,2441.753051,-1864.911846,481.0996825,-43.29406505,1.215537474
2016:TX:SCAN,100,4,-6545.437982,8325.926581,-3857.442982,774.2241097,-56.87419035
2016:TX:SCAN,100,5,-17684.97646,23334.79161,-11409.59694,2456.340161,-196.7387182
2016:TX:SCAN,100,6,-8729.199619,11134.25985,-5242.60103,1085.236784,-83.47350525
2016:TX:SCAN,100,7,1313.531891,-1526.828105,668.0915181,-125.642455,8.486052909
2016:TX:SCAN,100,8,-26.10055137,15.39626104,11.98771598,-3.541029963,0.227025268
2016:TX:SCAN,5,7,-500.5922188,339.4655924,-83.54034105,11.84828204,-0.147807145
2016:TX:SCAN,20,1,-3357.983832,2861.439896,-849.6771465,107.1270084,-4.811375605
2016:TX:SCAN,100,11,306.5918462,-216.3102993,52.20051597,-3.97011034,0.110591927
2016:TX:SCAN,50,3,-888.2442216,840.1942462,-272.0574221,39.88249856,-2.427211798
2016:TX:SCAN,50,2,-639.1972476,456.5146126,-52.11099518,-15.1706701,2.540569553
2016:TX:SCAN,20,6,344.5717178,-362.404121,120.9626893,-10.80982373,0.323765386
2016:TX:SCAN,10,12,-408.8069101,263.7438477,-43.04624772,3.229159368,-0.0427368
2016:TX:SCAN,100,3,188083.8977,-266925.2907,141821.0537,-33425.32864,2948.052966
2016:TX:SCAN,20,9,-626.9268551,504.0107398,-144.8270945,21.9122868,-0.964797002
2016:TX:SCAN,20,10,-2449.102072,1815.343625,-467.7100564,53.39535463,-2.116888155
2016:TX:SCAN,20,11,-1127.196598,767.6092235,-161.3905989,14.40867007,-0.443990345
2016:TX:SCAN,20,12,710.5964176,-604.5675041,199.1076688,-25.09859796,1.069913783
2016:TX:SCAN,5,6,205.0023034,-149.4600537,27.07318778,3.097604907,-0.041711599
2016:TX:SCAN,10,2,180.1324068,-242.3011037,107.9738848,-14.50547584,0.54950597
2016:TX:SCAN,10,3,-81.82324135,-43.78416124,50.58898057,-6.878014981,0.255714557
2016:TX:SCAN,5,10,-582.9880243,390.4511219,-82.31249302,8.976372538,-0.058677447
2016:TX:SCAN,100,12,664.9408842,-632.5467158,222.8910961,-32.62784248,1.652530581
2016:TX:SCAN,20,4,-951.0306117,624.93983,-132.9733373,14.83290331,-0.627496189
2016:TX:SCAN,20,5,-486.1831981,243.1348596,-27.35504932,3.23671272,-0.132656368
2016:TX:SCAN,20,7,-180.8014349,110.0997786,-28.24540144,7.840451518,-0.327270519
2016:TX:SCAN,20,8,2170.630871,-1280.850578,245.2312364,-11.54542467,0.122498316
2016:TX:SCAN,100,1,13328.41169,-17199.25717,8317.006979,-1782.476889,142.6886774
2016:TX:SCAN,100,2,214857.8998,-307317.1993,164624.3247,-39133.89861,3482.59747
2016:TX:SCAN,5,3,-282.0408481,150.5096743,-17.34656227,2.613254247,-0.037496743
2016:TX:SCAN,5,5,0.77666709,-43.63453756,14.22588595,3.074808398,-0.016268993
2016:TX:SCAN,10,1,-798.1068688,545.0286665,-108.2555953,8.506891174,-0.189895707
2016:TX:SCAN,10,6,437.5049936,-338.0525561,79.97367237,-2.270915939,0.014660535
2016:TX:SCAN,10,7,-607.4145891,414.5591177,-103.7378285,14.79822766,-0.365047813
2016:TX:SCAN,20,2,1692.922136,-1734.880273,664.4510517,-105.7249276,5.917001185
2016:TX:SCAN,20,3,-1103.087776,826.8051451,-204.1532867,22.86979414,-0.970441219
2016:TX:SCAN,5,1,-784.4459921,532.5652044,-106.9655773,8.875314217,-0.126192273
2016:TX:SCAN,5,2,-392.6031623,215.4580628,-19.56927121,0.09839119,0.045790703
2016:TX:SCAN,10,9,-125.3377654,33.01479511,-3.888968247,5.400389275,-0.161735545
2016:TX:SCAN,10,10,-211.8491652,102.3053726,-12.98211538,4.096830395,-0.120981905
2016:TX:SCAN,10,5,-166.6864953,33.54531663,8.15390983,2.704775191,-0.102966588
2016:TX:SCAN,50,1,-1836.799059,1882.411269,-674.3996941,102.833327,-5.644430799
2016:TX:SCAN,10,8,-991.139449,549.1774061,-117.3923901,16.15600707,-0.403797436
2022:OK:SCAN,50,9,208.9595764,-205.9344227,67.23895343,-5.062175826,0.101976211
2022:OK:SCAN,100,9,-536.3524449,641.3775495,-263.06928,47.97285904,-2.564361635
2022:OK:SCAN,50,4,-2219.620102,2208.380506,-756.6494754,108.5480024,-5.539728818
2022:OK:SCAN,100,11,455.2909393,-507.7373658,176.1808004,-17.69135953,0.469489545
2022:OK:SCAN,50,8,545.0846956,-479.0801487,130.4519678,-8.321237678,0.133371047
2022:OK:SCAN,50,3,-2668.86756,2494.288318,-799.4236154,105.5415566,-4.822649758
2022:OK:SCAN,50,5,-633.4797994,555.6047142,-151.8238742,17.48863933,-0.723844915
2022:OK:SCAN,100,10,-227.7950738,97.65099085,-23.48541232,9.87051297,-0.642408395
2022:OK:SCAN,5,11,-1035.12658,897.5801496,-239.4165662,22.58104484,-0.444523232
2022:OK:SCAN,5,12,4674.133895,-6324.853663,3108.521792,-650.2541782,48.85634552
2022:OK:SCAN,20,5,-352.866067,270.3541735,-57.42060929,5.78187244,-0.179464108
2022:OK:SCAN,20,6,39.31985784,-99.91605769,47.98977439,-3.673590072,0.095408312
2022:OK:SCAN,20,8,1321.506667,-1001.302116,249.7627368,-18.32718462,0.293031563
2022:OK:SCAN,100,12,1892.518772,-1809.078227,599.9279045,-76.05994642,3.259516764
2022:OK:SCAN,20,10,-254.3491835,190.0574207,-39.13606101,4.500415724,-0.131707406
2022:OK:SCAN,20,11,-2727.371331,2399.272658,-726.224134,91.76678814,-4.125554624
2022:OK:SCAN,50,6,116.0827813,-165.4354583,71.53475757,-7.335517881,0.180018955
2022:OK:SCAN,50,7,220.1035949,-230.4280714,73.32728999,-4.383594362,0.053081292
2022:OK:SCAN,50,12,-981.5105805,483.1334548,31.1159499,-34.42621606,3.191468267
2022:OK:SCAN,100,8,688.7053353,-475.9412141,83.06511356,5.226168681,-0.832436332
2022:OK:SCAN,5,7,372.7216802,-346.033866,96.52118674,-4.625421456,-0.063966906
2022:OK:SCAN,5,8,186.6597523,-179.2325285,52.72411614,-1.820538293,-0.00038868
2022:OK:SCAN,5,9,-227.2376439,153.6743868,-24.40120229,2.767854423,-0.098900013
2022:OK:SCAN,10,5,-206.657942,151.3957599,-28.58365442,3.167838907,-0.073104683
2022:OK:SCAN,10,6,64.29622115,-67.28766775,19.8757623,1.618835865,-0.147203383
2022:OK:SCAN,50,2,-3305.999087,3237.479832,-1111.750836,161.3624526,-8.311664745
2022:OK:SCAN,10,9,-27.15428005,-9.716194412,11.80681929,1.099425227,-0.02100224
2022:OK:SCAN,10,10,-194.5179073,157.3969672,-38.91514774,5.916156232,-0.229135603
2022:OK:SCAN,100,1,589.4096166,-697.0611532,263.0519676,-32.90143419,1.359582159
2022:OK:SCAN,100,4,627.675768,-954.4112821,441.0271714,-73.47033733,4.026217177
2022:OK:SCAN,100,5,2353.00383,-2323.929671,807.5613223,-109.8489755,4.943049613
2022:OK:SCAN,5,4,-1797.495333,1671.24612,-525.8413089,67.67102624,-2.935980172
2022:OK:SCAN,10,1,-1124.102941,1087.570455,-358.6618141,50.14318867,-2.461706938
2022:OK:SCAN,10,2,-1615.236126,1621.811887,-560.5561903,80.6684407,-4.018150566
2022:OK:SCAN,10,3,-1139.728081,1115.297547,-369.1216796,50.84647584,-2.475631065
2022:OK:SCAN,10,4,-564.9182571,506.7255733,-144.6205249,17.09659221,-0.637160597
2022:OK:SCAN,10,7,128.457815,-84.8991811,9.069697894,4.717174071,-0.08246694
2022:OK:SCAN,10,8,-13.46040925,16.25825954,-10.02260173,5.046140504,-0.078708928
2022:OK:SCAN,100,2,482.9325829,-578.6481873,225.9814576,-28.93244346,1.184789776
2022:OK:SCAN,5,3,-6471.88693,6843.338011,-2611.185135,430.0455151,-25.86870684
2022:OK:SCAN,20,9,-284.9364321,188.5242268,-32.92447891,3.991082273,-0.143951881
2022:OK:SCAN,10,12,-2330.421271,2309.930985,-797.665072,115.8067025,-5.944002983
2022:OK:SCAN,100,3,571.3329785,-689.2069449,277.467693,-39.23509657,1.832307021
2022:OK:SCAN,50,10,-3488.963763,3299.446211,-1120.808504,165.3337494,-8.673162052
2022:OK:SCAN,50,11,-463.025971,33.77788673,160.514788,-47.99115818,3.592844033
2022:OK:SCAN,100,7,566.6567615,-539.3690111,164.4639243,-13.46902259,0.200564297
2022:OK:SCAN,20,1,-4673.236858,4548.079029,-1562.534168,227.198495,-11.74443535
2022:OK:SCAN,20,2,-171.1821731,530.0546276,-261.6684288,46.36215676,-2.678302591
2022:OK:SCAN,20,3,-5977.852248,5915.7704,-2088.737698,314.3746934,-17.00115852
2022:OK:SCAN,20,4,-1122.128337,1032.448137,-307.4899467,36.96684254,-1.501977602
2022:OK:SCAN,5,10,-421.0850577,334.8821087,-75.20447597,6.687207274,-0.163223531
2022:OK:SCAN,50,1,-3058.569481,2637.917592,-779.5032106,95.10958523,-4.00199722
2022:OK:SCAN,20,7,1008.965355,-799.0106449,206.3268124,-15.0416298,0.287223169
2022:OK:SCAN,10,11,-769.4599291,700.441883,-207.812926,25.63554253,-1.078378882
2022:OK:SCAN,5,1,-7086.90564,7445.258272,-2834.302349,467.9691841,-28.31565744
2022:OK:SCAN,5,2,-6206.45805,6818.310764,-2697.045446,460.0584348,-28.61862937
2022:OK:SCAN,20,12,-3544.407308,3316.697086,-1090.588899,151.9573529,-7.585437738
2022:OK:SCAN,100,6,2498.843774,-2234.741106,680.8736421,-75.09191713,2.28594041
2022:OK:SCAN,5,5,-635.2168985,505.901739,-125.6772739,13.47786175,-0.480992565
2022:OK:SCAN,5,6,331.1213527,-334.5442036,109.0535824,-9.262408394,0.175211152
2105:TX:SCAN,100,2,80597.47371,-26841.21355,2590.85533,-52.78527877,0.068443548
2105:TX:SCAN,100,8,-6955.607935,6317.269619,-1567.447156,143.8917415,-3.772032378
2105:TX:SCAN,5,11,2957.330224,-1350.049651,204.2867354,-3.90581578,-0.049373293
2105:TX:SCAN,10,11,3508.430636,-1721.18977,236.1428858,3.205261244,-0.910909663
2105:TX:SCAN,20,1,442.8032344,-977.9319854,248.2873664,-10.42028823,0.030117399
2105:TX:SCAN,50,5,-9506.923351,9016.070456,-3138.187209,476.0479007,-25.79772054
2105:TX:SCAN,50,6,-16102.56834,14452.90343,-4793.530614,698.6196071,-37.0837993
2105:TX:SCAN,50,7,-16347.85952,15535.52265,-5446.348328,834.3759868,-46.20196546
2105:TX:SCAN,50,8,-21955.19437,19819.97943,-6633.206741,975.1696998,-52.14416411
2105:TX:SCAN,5,6,-379.0291262,311.1496953,-101.3407659,18.17450013,-0.631336673
2105:TX:SCAN,5,7,-1278.690188,920.5997871,-246.0782374,31.88900285,-1.008842306
2105:TX:SCAN,5,8,361.9466548,-216.6085176,20.34915193,8.441233753,-0.434518183
2105:TX:SCAN,5,9,674.8812695,-421.9027744,71.08898804,2.201299374,-0.093003869
2105:TX:SCAN,5,10,386.4875309,-326.5369143,77.8194596,-0.92560935,-0.05734088
2105:TX:SCAN,5,5,-317.8452639,302.8300345,-109.334418,19.68218745,-0.648413235
2105:TX:SCAN,5,12,-2618.066157,1558.808299,-344.1255416,37.93561572,-1.14164886
2105:TX:SCAN,50,3,-6375.74756,5864.832679,-1973.139324,288.9981134,-14.83053827
2105:TX:SCAN,50,4,-12857.90737,11626.64445,-3862.818376,559.7095726,-29.08677966
2105:TX:SCAN,5,1,-10541.54359,5863.944312,-1146.814974,97.22014029,-2.615621832
2105:TX:SCAN,5,2,-1620.106824,838.6037596,-144.0401065,14.2892707,-0.350448677
2105:TX:SCAN,5,3,-69.18364168,52.86534884,-28.51426359,10.32984991,-0.39477131
2105:TX:SCAN,5,4,-2385.304662,1758.122135,-474.9501279,57.75292857,-1.910131452
2105:TX:SCAN,10,1,-1048.41761,344.1527831,-29.3164671,7.55105806,-0.455295066
2105:TX:SCAN,10,2,-1042.824356,885.0326054,-286.6372214,44.95220288,-2.109786398
2105:TX:SCAN,10,3,-1238.278293,1121.848826,-382.9293663,60.84029822,-3.039054763
2105:TX:SCAN,10,4,-3761.244127,3135.245428,-962.0208873,130.4963767,-5.823895273
2105:TX:SCAN,20,2,1384.873474,-653.4766785,51.49767555,13.99481235,-0.907245627
2105:TX:SCAN,50,1,273286.5232,-144083.7597,27689.57034,-2277.210403,67.4919332
2105:TX:SCAN,20,4,-4987.727283,3654.699514,-986.8572175,117.7887957,-4.403566661
2105:TX:SCAN,20,5,-3991.036147,2874.683321,-751.7992553,87.20713199,-3.068797781
2105:TX:SCAN,20,6,4468.70838,-2266.394255,357.3925596,-11.40015399,-0.098907673
2105:TX:SCAN,20,7,173.3432009,132.0016187,-125.0590095,28.60333634,-1.118883925
2105:TX:SCAN,20,8,26266.13238,-12732.45166,2102.997788,-128.8052763,2.632592901
2105:TX:SCAN,20,9,739.3275497,23.03585863,-148.9773789,33.81855883,-1.283724831
2105:TX:SCAN,20,10,-8095.383698,4224.038775,-811.2462167,73.67814934,-2.139349253
2105:TX:SCAN,20,11,-2944.053969,1579.40329,-350.4182484,42.32107375,-1.399861719
2105:TX:SCAN,50,9,-9134.92276,8735.81283,-3081.944712,475.4379937,-26.12383262
2105:TX:SCAN,50,10,-7793.201065,7289.018094,-2487.351234,369.9355719,-19.43981289
2105:TX:SCAN,50,11,49713.94963,-28292.41914,5705.810629,-464.3483804,12.44178474
2105:TX:SCAN,50,12,235106.1475,-127489.8224,25323.29795,-2166.696458,67.3915985
2105:TX:SCAN,20,3,2026.399843,-843.9045239,44.90835383,19.49917412,-1.289197269
2105:TX:SCAN,100,10,67694.08346,-25668.53239,3068.843056,-116.0915899,1.370409111
2105:TX:SCAN,100,11,114938.7996,-41872.90478,4766.328504,-169.175661,1.824402801
2105:TX:SCAN,100,12,80535.32559,-26880.9445,2600.977654,-52.6949137,-0.005523743
2105:TX:SCAN,10,9,1146.813909,-693.9474536,109.3872793,4.450168559,-0.652648248
2105:TX:SCAN,10,10,-401.7349546,447.2051613,-191.7860546,38.33194052,-2.05177086
2105:TX:SCAN,100,1,46688.33792,-13802.0086,953.594047,21.09921535,-0.990915642
2105:TX:SCAN,10,12,4274.546594,-2560.828835,498.8095005,-28.79970842,0.421138991
2105:TX:SCAN,100,3,-3184.980716,2435.720453,-638.0286665,66.03062935,-1.384055582
2105:TX:SCAN,100,4,-2355.06653,1811.216335,-485.0752553,53.67791836,-1.30702504
2105:TX:SCAN,100,5,-8705.228212,5783.361558,-1338.688606,125.7656841,-3.146223499
2105:TX:SCAN,100,6,-11575.81611,7297.444083,-1609.214641,146.1275836,-3.851204655
2105:TX:SCAN,100,7,-27922.3791,16265.92817,-3219.064639,255.0855753,-6.366413477
2105:TX:SCAN,10,5,-2308.117213,2021.335358,-647.965141,92.14064497,-4.192380224
2105:TX:SCAN,10,6,415.2366566,-133.2306654,-48.27014106,24.11543542,-1.617096574
2105:TX:SCAN,10,7,-649.4200788,682.8483605,-267.6016344,47.46957001,-2.349567021
2105:TX:SCAN,10,8,5525.997238,-3726.862073,850.4296594,-69.73787869,1.853969167
2105:TX:SCAN,20,12,-5333.385026,1878.840121,-280.1564372,29.89274694,-0.881996174
2105:TX:SCAN,50,2,-11189.96599,9151.389679,-2762.263778,366.146834,-17.22117378
2105:TX:SCAN,100,9,55700.48347,-21943.60811,2723.342326,-105.3050185,1.142318256
2106:TX:SCAN,10,12,-35557.94763,17355.36659,-3137.058844,253.4747496,-7.029618022
2106:TX:SCAN,50,5,-1679.53727,1029.621432,-229.8766034,29.35682566,-1.106124495
2106:TX:SCAN,10,11,34657.32695,-14384.25923,2050.945496,-105.9415898,1.742463481
2106:TX:SCAN,50,9,-1913.130329,5428.107733,-1986.868939,252.7657089,-9.748060959
2106:TX:SCAN,50,10,-18045.95631,11823.67254,-2790.436683,280.0890211,-9.160771675
2106:TX:SCAN,50,12,-7685.607598,8367.823727,-2315.861889,238.5832383,-7.230184517
2106:TX:SCAN,50,6,-3310.594155,2716.980943,-804.7947989,103.1587355,-4.084826287
2106:TX:SCAN,5,11,-25875.34401,9350.400747,-1264.394896,82.20178083,-1.472970733
2106:TX:SCAN,5,12,-2665.364867,1420.233694,-287.5038051,29.60783918,-0.458962293
2106:TX:SCAN,50,3,-8489.045318,5570.031842,-1309.364534,132.2957212,-4.193072148
2106:TX:SCAN,50,4,-24428.47639,14550.58984,-3115.638742,286.995329,-9.039640799
2106:TX:SCAN,20,8,-3853.295372,2953.563018,-850.0282313,111.7813942,-4.914325534
2106:TX:SCAN,50,7,-54687.46063,31828.95503,-6755.649602,622.0528303,-20.31316163
2106:TX:SCAN,50,8,-88114.38735,48885.68861,-9933.736401,879.2371403,-27.99638934
2106:TX:SCAN,20,11,-68342.04997,34991.03476,-6608.823106,551.9140057,-16.67148368
2106:TX:SCAN,20,12,-27141.05522,13998.95249,-2684.268475,233.9665846,-7.260749683
2106:TX:SCAN,100,6,-31864.55622,23042.41737,-6130.315304,715.7884953,-30.55947073
2106:TX:SCAN,50,11,-19612.57529,12817.39465,-2980.886148,290.5689903,-9.014786913
2106:TX:SCAN,20,1,-2545.106429,1231.988474,-246.2151197,31.70795033,-1.284879692
2106:TX:SCAN,100,9,-8847.50922,7489.423069,-2325.687438,316.3295179,-15.29847167
2106:TX:SCAN,20,3,-1403.117138,1114.204988,-341.7940275,51.32771367,-2.401723412
2106:TX:SCAN,20,4,-9541.910958,6579.390312,-1686.828598,194.2475795,-7.781215589
2106:TX:SCAN,20,5,-6004.681553,4532.017545,-1262.695575,156.1588503,-6.473714777
2106:TX:SCAN,20,6,-2000.293463,1678.696474,-530.0106849,76.50983021,-3.415080031
2106:TX:SCAN,20,7,927.6765252,-9.968000963,-196.0996738,51.06871549,-2.857592421
2106:TX:SCAN,20,9,-4230.649186,3452.779003,-1040.763135,138.540872,-6.002725674
2106:TX:SCAN,20,10,-9711.155312,6572.393494,-1634.032004,180.2090525,-6.785239824
2106:TX:SCAN,100,3,-1466.885165,1294.947843,-428.9549893,65.82232894,-3.248247972
2106:TX:SCAN,100,4,-1165.939011,1142.68352,-413.8707323,67.83196628,-3.571636499
2106:TX:SCAN,100,5,209.3739368,-218.4161646,53.81612598,3.103605799,-0.609378546
2106:TX:SCAN,5,5,-1207.062422,854.6922719,-224.6825243,27.8987824,-0.567101207
2106:TX:SCAN,100,7,-167374.1979,113253.7802,-28204.27212,3067.125394,-122.6214945
2106:TX:SCAN,100,8,-58470.51992,43382.32095,-11629.55894,1348.475152,-56.99873476
2106:TX:SCAN,5,8,-489.9413464,402.5112387,-127.8804653,20.83943015,-0.540734667
2106:TX:SCAN,100,10,-8220.997324,6682.845499,-1991.919084,260.6777526,-12.0661901
2106:TX:SCAN,100,11,-17250.45112,13009.67194,-3595.908043,433.8519273,-18.67007184
2106:TX:SCAN,100,12,-26090.42361,18344.81416,-4730.999461,532.4851474,-21.43272631
2106:TX:SCAN,50,2,19563.75578,-2426.447893,-643.5050819,118.4424853,-4.197326406
2106:TX:SCAN,10,9,3773.155933,-1663.908797,180.6979324,9.377251517,-0.868439257
2106:TX:SCAN,10,10,-8274.377657,4946.568305,-1101.102433,112.3253914,-3.749460848
2106:TX:SCAN,100,1,-54608.073,36039.01049,-8714.607943,916.3068778,-34.6826691
2106:TX:SCAN,100,2,-91180.05745,56471.62426,-12780.76975,1256.834384,-44.87924364
2106:TX:SCAN,5,3,-1603.995367,898.5871965,-179.6630767,19.36217662,-0.346434874
2106:TX:SCAN,5,4,-10369.98194,5184.616797,-939.2569685,75.86450709,-1.570888407
2106:TX:SCAN,5,6,-852.9445781,580.3510468,-151.1222424,20.35647193,-0.365522095
2106:TX:SCAN,5,7,-1299.254986,758.4534143,-175.4110429,22.49610528,-0.505431656
2106:TX:SCAN,10,3,610.9903483,-290.0343766,13.32946856,12.07551819,-0.640171089
2106:TX:SCAN,5,9,-139.0671551,230.1721026,-109.3803592,21.37705958,-0.574869664
2106:TX:SCAN,5,10,-1222.528534,737.7689905,-180.7845009,24.56397018,-0.6446698
2106:TX:SCAN,50,1,206177.6519,-81848.37798,10921.55343,-547.0986596,9.050158678
2106:TX:SCAN,10,7,2505.627165,-969.1334036,66.26556711,14.89749336,-0.889958445
2106:TX:SCAN,10,4,-1044.457072,1319.715699,-449.5584019,63.68660916,-2.491438199
2106:TX:SCAN,10,1,4781.953038,-2783.892916,519.772656,-28.59892696,0.499910766
2106:TX:SCAN,5,1,-943.5118593,370.4008014,-46.1439416,7.355647418,-0.037491092
2106:TX:SCAN,5,2,802.0511882,-419.6185209,53.64179288,4.439046383,-0.027242514
2106:TX:SCAN,20,2,-115.3214921,139.1853834,-68.97139349,18.51247052,-0.956952513
2106:TX:SCAN,10,6,-3688.717151,2470.570794,-616.666393,71.02792667,-2.422495161
2106:TX:SCAN,10,2,5488.447185,-2358.926765,312.7380167,-5.35953267,-0.207578762
2106:TX:SCAN,10,8,-4098.463073,2846.566073,-728.8277983,85.38004252,-3.13808698
2106:TX:SCAN,10,5,-3349.986317,2429.291643,-642.7225932,76.48950852,-2.679311851
